Polaridade,Tweets Limpos
negativo,febre lucas abaixa quer comer surtando preocupa√É√Éo
negativo,acordei garganta pouco febre SABE
negativo,Super daora passar manh√É chorando falta ainda errar pessoasnnNunca consigo nada direito
negativo,dito publicamente governador quis fazer inclusive lockdown isolamento r√Éxadgido convenci httpstcod2jGKEfrRj
negativo,vezes duvido capacidade pessoas entenderem doen√Éanndepois contato tia√¢ httpstcosJJwLLNTEW
negativo,aguento queria descansar dois segundos menos falta amenizada httpstcoz6h6AYGE4Y
negativo,consigo comer tanta falta
negativo,racionalizar coisas tempo todo taquicardia tremedeira falta vontade chorar
negativo,falta
neutro,Cara poderia explicar httpstcoHzv5tYYATl
negativo,aguento queria descansar dois segundos menos falta amenizada httpstcoz6h6AYGE4Y
negativo,consigo comer tanta falta
negativo,falta
neutro,haviam levar durante anos saberem tosse
negativo,Carai galera cada tosse traumatizada pandemia surtar isolada
negativo,Crian√ßas virginiano pavor bact√©rias devo avisar diferen√ßa tosse espirro pode‚Ä¶ httpstco5iCfmW8I1m
negativo,Fico lendo tweets fico rolando tela Facebook leio coment√°rios especialistas tudo automaticamente‚Ä¶ httpstcoiGr37qszCb
negativo,feito quis tomar banho agora agora crise tosse parab√©ns burra
negativo,pode renite alergia engasgarqualquer tosse algu√©m olhando ruim gente httpstco3uMtQUmSNA
neutro,hoje c√≥lica tosse l√°grimas trabalhemos
neutro,sintomas tosse garganta inflamada sente cheiro gosto nada Infe‚Ä¶ httpstcoZESeMw1FZA
neutro,Covid tratou boldo alho a√ßafr√£‚Ä¶ httpstcozagD6uTkWQ
negativo,garganta inflamada tosse febre dias dores corpo
negativo,Afff tanta tosse
negativo,tosse normal
negativo,Crise tosse hora
negativo,Detesto crise tosse hora errada m√°scara pior ainda
negativo,nada crise tosse
negativo,tosse cachorro ataca dormir
negativo,tosse passa
negativo,Tosse acabado
negativo,tosse fudendo
negativo,tosse insuport√°vel dias ü§¶üèªu200d
negativo,queria fazer brabos tosse DESGRA√áADA parecendo tiazinhas esqu‚Ä¶ httpstcoUualKpnYNg
negativo,Gente coisas nessa cidade surreais Comecei passar segunda tardezinha febre dores genera‚Ä¶ httpstco70YW1NQPi1
negativo,tosse Deus U0001f97a
neutro,deus sintomas covid menos tosse agora
negativo,dormi nada noite tosse levantei estressada
negativo,dormir tosse
negativo,tosse infernalU0001f97aU0001f97a
negativo,tosse al√©rgica chata
negativo,tempo virar fiquei tosse seca agora
neutro,Thalles acordou tosse secaü§ß
negativo,tosse insuport√°velü§¶üèªu200d
negativo,tomei rem√©dio dormir nada acordei tosse caralho conseguir respirar akguem explica brisa
negativo,Tosse chata
negativo,tosse chata
negativo,Tosse
positivo,Tosse seca incessante respira√ß√£o pesada paranoia caralho ins√¥nia chegou hora
positivo,peguei covid janeiro curei xarope corticoide Paracetamol 750mgnHoje esto‚Ä¶ httpstco1m1dqsSXEF
neutro,primeiro aula experimental Aqui Fortal febre
neutro,irm√Éo febre emocional queria
negativo,febre pressao baixa sabe aguentando
negativo,Acordei febre √Édio
negativo,desculpa acordei sentindo sinto febre
positivo,menos febre
negativo,muita febre come√Éa affs
positivo,acordou febre doooor‚Äû
neutro,trabalhar nessa chuva moto pelando febre
neutro,febre
neutro,ouvi aferir febre pistolada ahaha
neutro,Talvez fico enfermeira falou ficar febre
neutro,desde achando clima friozinho seco sera febre
negativo,√Étimo acordou 383√Ç febre ap√És crise frio tremedeira madrugada
negativo,cidades pessoas querem vacinar vacina Aqui onde moro existe cultura neg√¢ httpstcoQiMqmgy84O
negativo,Olha subestimei rea√É√Éo vacinalnDor bra√Éo piorou holocraniana conxadnua desconforto abdo√¢ httpstcoUH96lDbezu
neutro,Todo mundo fuma tosse gnomo espirra gasta onda kkkkkkkkkkkkkkkkkkkkkkkkk
neutro,ontem crise tosse madrugada socorro
negativo,tentei espirrar dentro agora tosse
negativo,Final gravidez posi√É√Éo dormi falta coluna outras coisas
negativo,Sabe socos esmago chega deixa falta nunca consegui respirar
negativo,barulho espec√Éxadfico despertador Iphone lembra fase ruim toda dispara celular httpstcoRYDB4mTttk
negativo,triste tava andando veio senhora parecia precisar ajuda pergun√¢ httpstcogF7cGmONly
negativo,tanto medo perder outra pessoa pensar falta ansiedade bate hora
negativo,Mandetta deveria responsabilizado mortes primeira ondapois crime ele√¢ httpstcoewekZ6AUPk
negativo,Falta caralho
positivo,mesma ade√Éo cloroquina rem√Édio indicado presidente teri√¢ httpstcoRJYJ6HT0Bp
positivo,obgg medicando casa gripe esperar muita falta httpstcoaCAdxhNTPR
neutro,caralho falta
negativo,manh√É cedo falta ansiedade calma a√Éxad
negativo,nada falta
negativo,Falta foda
neutro,covid nunca tanta falta assim nada
neutro,senhora falta
neutro,√Énico invento dormir tarde acordar cedo causa falta olha sinceramente
negativo,comecei sentir falta viajar doente pausa
negativo,peito ifalta consigo dormireu queria pesadelo acabasse
neutro,puts mano medo morrer falta
negativo,Andreia sabe alergia clorofina encheu lou√Éas merda falta httpstcoZpulem3DTR
negativo,pontinha Manaus passando assim fiquei choquevi monte gente gritando√¢ httpstcoiDJ32P8Lj0
negativo,lembro parte chorei tanto tanto fiquei falta nunca superar rela√¢ httpstco6cwWv6wjPW
neutro,xadxadxadxad Vivi algo assim semana disncia Luca chamou pedindo √¢Fazer Jesus√¢x9d mofo√¢ httpstco6pFCSi8V0z
negativo,todo mundo morreu falta culpa
negativo,disse falta passar r√Éveillon praia √¢fervo√¢x9d falta voc√¢ httpstcoiL0pVM7j8C
negativo,FALTA RESPEITO PEDRO Tudo votar Nen√É peido ambulante poluir bbtvi
negativo,gosto coceira alergia falta pulso entrar lojas infelizmente
neutro,Toda Qboa limpar casa fico falta consigo deixar usar
neutro,Toda coloco m√Éscara fico falta KKKKKKKKKKKKKK
negativo,vsfd m√Éscara covid falta saio assim
negativo,falta chata essau200‚Äö¬∏x8fnSextaDetremuraSDV
neutro,fico toda torta falta condi√É√É¬µes
negativo,ruim fiquei falta lembrar kkkkkkkk
negativo,todo aperto peito falta formigamento suando frio httpstconcyyvx40B2
neutro,√¢meo falta ar√¢x9d n√¢respira uai√¢x9d nnKKKKKKKKKKKKKKKKKKKKKKKKKKKKKKKKKKKKKKKKKKKKK DORINHA
neutro,calma asma fotos deixaram falta
neutro,‚Äö‚Äö‚Äö‚Äö Fique casa sentirem falta
negativo,falta competencia genera incompetencia nhttpstcoN9WG9jjWln v√Éxada
negativo,mono orio fica casa embebedando CloroquinaazitromicinaIvermectina falando httpstcoV7nawT4wrw
neutro,meses atr√És falei pais tava sentindo falta hoje interessaram saber sinto
neutro,Morreu aluno dentro sala aula tradicionais col√Égio Teresina Senti falta dificuldade
negativo,falta legal
neutro,cansa deitada falta foda
neutro,muita falta ser√É morrerx8d
neutro,falta novo
positivo,esposa onze fam√Éxadlia conhecidos todos tratados casa httpstcoWghBGbyW4U
negativo,falta
neutro,Peguei COVID √Énicos sintomas desesperadamente falta perca paladar httpstcoj6zXGH8T6H
neutro,prima tomou vacina rea√É√Éo desde ter√Éa diarr√Éia febre alxadssima falta
neutro,bebendo consigo fica fumar a√Éxad tosse maldita peg√É u200¬∏x8fu200¬∏x8f
neutro,Deus amado teja √Énibus tosse todo lado
negativo,velha vergonha devia presa espero conhe√Éa algum filhinha estuhttpstcozXHpBVLdR6
neutro,toda chego perto tosse imitar saco KKKKKKKKKKK
negativo,crise tosse meio medo linchada
negativo,coff coff cofftosse tuberculosa velho
negativo,homem Juro dev√Éxadamos juntar assinaturas tosse
negativo,algu√Ém tuberculose dentro quanta tosse bbb21
positivo,Digo passando fase suavennFiquei sinto√¢ httpstcoZdnBcUNKUA
negativo,tosse parecendo cavalo garrotilho kkkkkkkkkkkk
negativo,tosse chata x8fu200¬∏x8f
negativo,tosse entupindo xarope passa nada
negativo,rem√Édio curando tosse
positivo,Acho peguei domingo tosse febre baixa oxigena√É√Éo agora sentindo
negativo,Super cansadacom peitocalafriostosseespirroenfim covid literalmente
negativo,ataque tosse engasgouse v√Éla parecia morta consigo parar tremer
neutro,Levei Mariana pediatra antes tempo porque super preocupada tosse para√¢ httpstcoOUgzCwSEfM
negativo,acordei tosse desgra√Éada
neutro,dias tosse
negativo,Ahsuahduahdhshshshsmsocnsgkndkzncjsjxmskz tosse cachorro ahsushshshdhsmvksmskndos httpstcoQjQcc7iytR
negativo,tosse chata matando
negativo,fatto passato pomeriggio infernonon voce tosse treguaO fato passei tarde inferno tosse tr√©gua
negativo,Tosse chata crlh toda fazer nebuliza√É√Éo sacou200¬∏x8f
negativo,febre voltou U0001f97a
negativo,porra febre voltanu
negativo,√Étimo acordou febre toda fudida
negativo,Acordei febre
negativo,Ainda pouco falta febre durante √Éltimas horas tentativa comunoglobalis httpstcoc0oEv3IP2a
neutro,febre triste‚Äö
positivo,febre menos hipotermia
neutro,acordei febre morrer
negativo,ando doendo nada febre xadnJuro queria descobrir estuda favor
negativo,Febre faltava
negativo,febre insistente
negativo,Deus acho febre
negativo,boca toda estourada causa febre
negativo,acredito ficando febre
positivo,febre menos am√Ém
negativo,Ontem abriu conta descaso samu ligaram umas perguntando precisava httpstcouRnBL8aeaE
negativo,Pior ainda ainda dolorida frio felizmente febre
neutro,favor febre novo
negativo,passando abe√Éa garganta fechada corpo cheia febre olho bebendo cervejinha desisto x8fu200¬∏x8f
negativo,matheus queimando febre assim parte
neutro,Viria toda molinha tava febre
positivo,melhor sensa√ß√£o costela falta todo mundo kkkk Lembra Junin‚Ä¶ httpstcoCWHdEwKFiX
neutro,falta thalia fa√ßa algo
negativo,tava exatamente assim come√ßo semana tava conseguindo assistir sentia falta vontade chorar
neutro,tadinho falta vendo
neutro,tomar cuidado posta exemplo quase morri falta
negativo,dizendo lota√ß√£o m√°xima est√°dio causa pandemiann nnCORTA EST√ÅDIO LOTADO PELAMOR FALTA
neutro,REMEDIO PODE CAUSARnOBESIDADEnDEPRESOnDIFICULDADE DORMIRnFALTA KKKKKKKKKKKKKKKKKKKKKKKKKKKKKKKKKKKKKKKKKKKK
neutro,falta sentido surreal Socorro
neutro,nada comecei sentir falta veio
neutro,nada fico falta issooo
neutro,indo hospital falta m√©diconEno filha neg√≥cio falta quase morri‚Ä¶ httpstcoTSB9MIEnyP
neutro,Falta
neutro,cora√ß√£o acelerado falta conseguir ficar quieta tudo voltar aula presencial amanh√£ socorro
neutro,falta voltou httpstcoFvpoEspYd9
neutro,chego fico falta
negativo,Orem sentido crises ansiedade falta palpita√ß√µes Solio dores pulm√£o Ap√≥s Gra‚Ä¶ httpstcorJP9yvPV8s
negativo,Pegar covid gravidez pior fase gravidez andar bombinha agora cima baixo httpstcoky8XhLnTrO
negativo,Psicol√≥gico merdaombro machucadofalta ardor cabe√ßaacho preciso
negativo,falta insuport√°vel
neutro,sentindo preso peito falta parece morrer Preciso urgente tratar ansiedade
neutro,falta crlüò©
negativo,Pois engasgue crise tosse
neutro,√≥dio sempre direcionado predsin pernas tosse
neutro,Lembrando agora ataque tosse todos quarto kkkkk
neutro,tosse cachorro fiel passou final semana todinho üôÖüèºu200düò∑ü§¶üèºu200d
negativo,tosse matando
negativo,Inferno tosse
negativo,tosse passa nada
neutro,tosse parece idoso mano
negativo,tosse caralho bicho garganta
negativo,tosse desgra√ßada
negativo,tosse caralho deve efeito saudade delekkkkkkkkkkk
negativo,rabiola cansa√ßo fudido sono eterno tosse cachorro
neutro,Tomei vitaminaC tosse passa friagem geiziane
negativo,Tosse chata
negativo,tosse chata caralho abd√¥men doendo tanto tossir
neutro,Tosse seca dores corposem zoas MEDO estar Covid19
neutro,Tosse garganta espirrando todo cabe√ßa corpo d√∫vida COVID
neutro,fazer receita parar tosse engoli a√ßafr√£o KKKKKKKKKKKKKK
negativo,primeiro aula ensino m√©dio vejo gente idade tanto tempo imaginar httpstco3YjwuIKbpU
negativo,asm√°tico √∫ltimas semanas precisei passar horas m√°scara dias acima‚Ä¶ httpstcofAjJ1iFWzp
negativo,pior coisa existe vida doen√ßa respirat√≥ria cr√¥nica tudo atacado consigo subir‚Ä¶ httpstcow8NIUtOfFc
negativo,Final gravidez horr√≠vel falta caralho hora dessaaaaaaa
negativo,Lembro pesadelo morri ataque card√≠aco umas falta aperto httpstcoDhhOruMz42
neutro,Acordei forte peito muita falta achei morrerüò•üò≠
neutro,Cansada destru√≠da Thomaz dormiu noite inteira tossir falta
neutro,muita falta httpstco2uZJyfLiBi
neutro,falta caralho
negativo,falta fudeeee maluco
negativo,Falta
neutro,Falta nada Ainda suave nada Pensa trem estranho mo√ßo
negativo,Falta filha puta dorme assim
negativo,Falta sentindo foda caralho
neutro,Massa conseguir dormir falta
negativo,Deus falta sensa√ß√£o horr√≠vel imaginar chego tremer
negativo,peito falta desespero vontade chorar
negativo,noite p√©ssima pensei morrer falta arüò£üò£üòü
negativo,agora todo falta caralho
negativo,passo tempo falta respirando normal vejo hora cansar desistir
negativo,falta constante Deus
negativo,falta sempre desespero qodio
neutro,√≥timo acordei manh√£ agora sofrendo falta tomar
neutro,falta caralho
negativo,falta deus
neutro,falta
negativo,falta aula ainda come√ßou dwuss
neutro,passando falta inferno
negativo,tudo falta cabe√ßa insuport√°velnto tentando acalmar cora√ß√£o s√©rio httpstcoFT99v97s9h
negativo,desgra√ßada peito falta v√°vel ansiedade misturada tristeza porque assim httpstcoHrdez82k4Y
positivo,Ainda tosse Alice diminuiu
negativo,Tosse al√Érgica saco cara
negativo,tosse desgra√Éada
negativo,tosse
neutro,pooode peguei ventinho madrugada porque dormi descoberta aqui tosse asma falta
negativo,irresponvel total Maluco dias tosse espirrando direto ainda negando tomar√¢ httpstco4whjoMv
neutro,Paciente tosse cachorro usando spray garganta consulta achando atender
neutro,consegui convencer doutora fazer resson√Éncia agora Pasme exame tava saindo irregula√¢ httpstcoVC4D0dXw42
positivo,desde manh√É tosse
negativo,Verdade fazendo vacinas xarope tosse
negativo,febre avisa conseguisse medir avisaria saco
neutro,assim aparelho indicou mina tava febre medindo pulso imagine medido lugar certo kkkk
positivo,escola filha adeo alta turminha outro menino voltaram httpstcoaaWP5HTd8e
negativo,posso sair chuva febre volta odio
negativo,Sempre disse fica zanzando febre indo hospital Muita idiotice
negativo,rinite ataca febre √≥dio
neutro,Fant√°stico Brenda Apenas porcentagem vacinados talvez sintam febre dor‚Ä¶ httpstco6p2RZqKb0e
neutro,Alice minoria vacinados caso sentir√° febreou local aplica√ß√£o inc√¥‚Ä¶ httpstcoRdd6ohxMA6
neutro,come√ßando ficar febreüòü
neutro,indo trabalhar febreüòëüòë
negativo,nesse inferno desde 08h30 manh√£ amor deus aguento febre
neutro,muita costasfebre cabe√ßa
neutro,febre aguentando namoral
neutro,Acho ficando febre ningu√©m mereceü§¶üèΩu200d
neutro,Acordei febre
neutro,Bernardo queimando febre Deus
neutro,acho febre
neutro,febre mandada amea√ßando
neutro,Elo√° acordou febre
neutro,febre fica indo voltando aguento
neutro,queimando febre aqui trabalho ü§¶üèªu200düò≠üò≠
neutro,lembro chegar casa queimando febre tomar chuva desgra√ßada morrendo enxaqueca httpstcophOeclXsCI
neutro,Febre garganta inflamada foda
negativo,acordo cabe√ßa febre odeio ficar resfriada
negativo,amigo entrada hospital febre falta pulm√µes commetidos int‚Ä¶ httpstcoYBGULntUAN
neutro,tomo semana segunda dose medo febre garganta inflamar novo ü§¶üèºu200dü§¶üèºu200d alguma rea√ß√£o
neutro,rinite ataca febre √≥dio
neutro,muita costasfebre cabe√ßa
neutro,Febre garganta inflamada foda
negativo,Febre Deus febre plena segunda porque
neutro,nen√™ cheio febre agarrando pedindo trabalhar ficar peninha
negativo,dinibuir febre pode escola thai serio odio
neutro,porra rindo disso igual cachorro tosse
neutro,fumar tomar parar tosse verdadeiro equil√Éxadbrio
negativo,Tosse al√Érgica saco cara
neutro,surto nariz querendo entupir umas tosse estranha
negativo,pooode peguei ventinho madrugada porque dormi descoberta aqui tosse asma falta
neutro,outro ouvi tosse zoei covid realmente infectado
negativo,tosse
negativo,costas quadril tosse segunda feira
positivo,Ainda tosse Alice diminuiu
negativo,Paciente tosse cachorro usando spray garganta consulta achando atender
positivo,desde manh√É tosse
negativo,Verdade fazendo vacinas xarope tosse
negativo,tosse desgra√Éada
negativo,tosse
negativo,surto nariz querendo entupir umas tosse estranha
negativo,acordei desespero falta pulm√É¬µes celebro confuo tudo relaxou√¢ httpstcouH5toptABo
negativo,fico revoltado falta senso pessoas pandemia ainda v√Éxadrus existe voc√É nem√¢ httpstcobjU60jyvLv
negativo,falta Ci√Éncia impondo pessoas usarem m√Éscaras fazerem exerc√Éxadcios academia√¢ httpstcoi8E1Zy7jfR
negativo,desencadeei crise ansiedade nesse √Éltimo peito falta inexplic√Ével maihttpstcob9EdjHIfRS
negativo,Ontem passei tanto estresse acordei peito falta
negativo,voltei segundaal√Ém cansa√Éo fraqueza esfor√Éar fisicamente falta aressa doen√Éa estranha
negativo,horas consultar m√Édico falar tudo normal queria sentindo falta
negativo,falta meeeeeu
negativo,falta sentindo desejo
negativo,coisa ruim falta peito U0001f972
negativo,madrugada acordei falta sensa√É√Éo
negativo,morrer falta aguentando tanta tamb√Ém
negativo,mano levantei passos pressao caiu fiquei falta rolou
negativo,conseguindo respirar direito falta constante nariz doendo PORRA desde ontem
negativo,acho dormir noite toda acordo falta parece morrendo
negativo,Quase morrendo falta
negativo,√Édio mulher trabalha aqui casa descobriu ontem marido tava covid veio trabalhar hoj√¢ httpstcoCDVh7nwUJt
negativo,falta vontade vomitar amado
neutro,falta
negativo,sentindo deus falta disse remedio bombannmelhor ficar internada certo
negativo,Medindo temperatura pulsonN√£√£√£√£√£ooooonJ√° come√ßou errado tocolonPode entrado cria‚Ä¶ httpstco0XndxqaHkz
neutro,coment√°rio deve √°rea sa√∫de m√©dicoEnfim acred‚Ä¶ httpstcof4j8ojuTsm
negativo,vagabunda acorda falando febre tava ontem fodida puta
positivo,bday come√ßou melhor forma febre matteu passou ganhei cesta caf√© manh√£
neutro,sERA FEBRE
neutro,acontece d√©cadas Jap√£o outros pa√≠ses asi√°ticosnGostaria sociedade assim evolu√≠s‚Ä¶ httpstco8u1JQIcWYr
negativo,jeitinho brasileiro burlar tocolo pandemia term√¥metros descalibrados √°reas perif√©ricas httpstcoqceCXj4bbL
negativo,Acordei doente disposta febre herpes paci√™ncia repito paci√™ncia
negativo,ansidade pior muita febre vomito
negativo,capacidade adoecer causa emocional merda qualquer coisinha febre
negativo,enquanto avi√£o febre tosse coriza espirros dificuldade respirar cure atendiment‚Ä¶ httpstcou0NvMRTf0c
negativo,manh√£neu acordei todo fudido cabe√ßa febre porra pede ligar camera
positivo,aqui febre teima passar resto relativamente
negativo,Acho pegado juntas febre
neutro,Acordei pouca Maria Lu√≠za pelando febre Jesus
negativo,acordei melhor crente tava febre ainda
neutro,Acordei febre üò§ü§¶u200d
negativo,brincadeira febre mesmoU0001f9cdu200d‚ôÇÔ∏è
neutro,sono febre querendo
neutro,cabe√ßa febre novamente ü§¶üèΩu200d
neutro,febre passa
negativo,febre foda
neutro,semana todo madrugada manh√£ antes sair febre kkkkkkk U0001f970U0001f970U0001f970
neutro,aqui postao bonja Rennan tadinho ardendo febre
negativo,passando febre cara querendo encontronnPqp no√ß√£o pregui√ßa responder trem desses
neutro,mano acordei rosto vermelho sentindo muuuito quente peguei term√¥metro tava httpstcopGdjYVoqkd
negativo,pensa noite dormida inferno passei noite febre suando espirrando conseguir respirar httpstcolFe3Am2pQh
negativo,Pior febre novo conseguir viajar
negativo,Porra caralho pe√ßo Unimed fumar manda esperar tanto Detalhe febre
negativo,febre infernoooo
neutro,Quase febre resfriado
negativo,macumba pe√ßo desfa√ßa favor dormir acordo febre garganta absurdo PORRA
negativo,febre dormi NADA aguento
negativo,febre ontem hoje acordei muita corpo disse oxigena√ß√£o noite tava ruim meu‚Ä¶ httpstcobcWroKajaV
negativo,Tmnc cheio febre odio
negativo,conhecer algu√©m bichada cabe√ßa explodindo febre corpo segunda dose httpstcovcetnOtpu0
negativo,tomar banho gelado estando febre ruimm √°gua corpoüò´
neutro,Trabalhar febre triste
neutro,outro acordo febre
negativo,veio febre agora √≥dio mano
neutro,vsfd febre
positivo,aqui febre teima passar resto relativamente
neutro,Acho pegado juntas febre
negativo,brincadeira febre mesmoU0001f9cdu200d‚ôÇÔ∏è
negativo,sono febre querendo
negativo,febre novo nada quarta
negativo,20min hospital senti febre tosse seca deus pode psicol√≥gico httpstcoxs0bHA4UEb
neutro,aqui postao bonja Rennan tadinho ardendo febre
neutro,tava queimando febre nesse anivers√°rio amiga assim KKKKKKKKKKKK httpstcoK2EYTB3I2e
negativo,pensa noite dormida inferno passei noite febre suando espirrando conseguir respirar httpstcolFe3Am2pQh
negativo,Quase febre resfriado
negativo,febre bra√ßo obrigado anti tenica
negativo,blema ansiedade ficar ansioso precisa dormir dormir ansioso restan‚Ä¶ httpstcoEreGkTUP2Y
negativo,foder tempo crise ansiedade literalmente totalmente desarmado‚Ä¶ httpstcoYQwnOCbwyU
neutro,falta sentindo desejo
neutro,morri aqui falta
positivo,Acordei puta falta sentindo ansioso menos tava risos corona
negativo,acordei susto falta
negativo,gente √≥dio desse corona v√≠rus maldito fechar tempo fico sentindo peito pesado respiran‚Ä¶ httpstco9oTfwxQZNh
negativo,Cinco meia manh√£ ponto esperando √¥nibus trabalharme segurando chorar falta filha puta
neutro,madrugada acordei falta sensa√ß√£o horr√≠vel
neutro,peito falta
negativo,falta foda parece fechado crlho arrependido
negativo,morrer falta aguentando tanta cabe√ßa
negativo,deus desespero falta deus
negativo,coisa ruim falta peito U0001f972
negativo,Quase morrendo falta
neutro,falta vontade vomitar amado
neutro,Hoje sa√Éxad casa n√ÉnPrimeira anontima desde mar√Éo nFui podia httpstcoq4WUHIGpCp
neutro,Aiii doen√Éas escola assustamme pediatra avisoume preparese httpstcox6n5b6kWZW
neutro,explicando ch√Ézinho tosse kkkkk
negativo,tosse covid Nunca gritou al√Ém normal ponto httpstcodWD5R2ZayN
negativo,reportagem tosca m√Éscaras COVID eficientes impedir v√Éxadrus quase nenhuma httpstco2krSm32Hgl
positivo,ap√És Covid momento tosse ainda incomoda tirando Acho novo novo Soli Gloria
negativo,tosse carai
negativo,INFERNO TOSSE DEUS C√É‚Ä∞U √ÉDIO
negativo,pessoas achar COVID nada demais Hoje beb√É mesehttpstcojXzpxqG6OS
negativo,tosse insuporvel aguento maisnhttpstcoLWdVxrgpL6
negativo,tosse seca coceira garganta irritando demais
neutro,crise tosse farm√Écia kkkkkkk √Édio
negativo,simplesmente aguento situa√É√Éo atualnFebre cimanSuar litronTosse rasgando tudonFalar√¢ httpstcoZL0sNjVrRH
neutro,tava catarro etalndai inventei corretivoliquid paper passou tosse catarroKKKKKKKKK
negativo,deus mano tosse
negativo,tosse peito doendo nunca
neutro,muita tosse odioooo httpstco2ctf4E2fzP
negativo,garganta doendo nariz escorrendo entupido tossenalgu√Ém vacina amor deus
neutro,tomando xarope tosse vontade tomar vidro inteiro xarope delicia
negativo,tossindo dias tosse nada acontecendo
negativo,tosse infernal
positivo,meio tosse covid finalmente passou dem√Énio derrotado
negativo,vontade morrer causa tosse puta pariu infeeeeeerno
negativo,Tosse chata U0001f92c
neutro,Primeiro caso COVID olha risada misturada tosse kkkkkkkkk
neutro,Ser√°va tosse morria infec√ß√£o ksksskkk
neutro,Levas vista passa tosseüòå
negativo,tosse covid Nunca gritou al√©m normal ponto Pert‚Ä¶ httpstcodWD5R2ZayN
negativo,reportagem tosca m√°scaras COVID eficientes impedir v√≠rus quase nenhuma httpstco2krSm32Hgl
negativo,discuti √¥nibus conta m√°scaranE pessoas colocaram fingi tosse algumas‚Ä¶ httpstco54EXhuSeEm
negativo,sistema sa√∫de beleza reclamou qualquer coisa COVID nFaz teste dengue poderia apare‚Ä¶ httpstcoWp2tHfxDWK
neutro,lembra falou tava pouco tosse falou enfisema hahahahhahaha
negativo,Porra viado demora fiquei quase ainda tosse
negativo,menina pior melhorei TUDO nariz desentupiu garganta parou doer httpstcoaom2htiyro
negativo,INFERNO TOSSE DEUS √ìDIO
negativo,tosse carai
negativo,tosse insuport√°vel aguento maisnhttpstcoLWdVxrgpL6
neutro,tosse seca coceira garganta irritando demais
neutro,tosse estourando garganta forma
neutro,meses tosse cessa Nesse per√≠odo dois testes covid deram fazer
neutro,crise tosse farm√°cia kkkkkkk √≥dio
neutro,foda tempos covid gente fica U0001f92f qualquer falta tosse
negativo,deus mano tosse
neutro,garganta doendo nariz escorrendo entupido tossenalgu√©m vacina amor deus
neutro,muita tosse odioooo httpstco2ctf4E2fzP
negativo,tosse infernal
negativo,Tosse chata U0001f92c
positivo,meio tosse covid finalmente passou dem√≥nio derrotado
neutro,vontade morrer causa tosse puta pariu infeeeeeerno
negativo,Pensem CARALHADA gente MORREU causa desse combo maravilhoso cure ajuda m√©dica‚Ä¶ httpstco9bWR7I0Gsj
negativo,Fique casa sentir falta venha morrer hospitalnIsto crime contra sa√∫de p√∫blica
negativo,Pois primeira suspeita correram comprar Bozo tomaram calad‚Ä¶ httpstco21VULYRMn8
positivo,menos nini rinite atacada pouco falta viva U0001f929
neutro,Cada falta sabe
neutro,falta
neutro,Falta caralho
neutro,falta
neutro,falta grave anemia cachorra vomitando cabe√ßa Deus calma
negativo,preocupada marido passou falta dias httpstcoPCTI0P7tEy
negativo,sacanagem infeliz covid transmitido jogadores httpstcoMSQRHPnZem
negativo,validade comvante identifica√ß√£o Unidade vacinadorn√â vacinados httpstco2qjmLBCbSB
negativo,diagnostico amidalite bacteriana semana testes COVID deram al√©m httpstcoWez0OsFNvQ
neutro,cabe√ßa corpo meio mole tipo estar sabe febre enquanto httpstco0neWnmwFPk
neutro,febre achando morre
negativo,acordei febre tomara xima dormir morra
neutro,gente sinceramente aguento corpo febre cabe√ßa
neutro,nega febre U0001f97aU0001f97aU0001f97aU0001f97aU0001f97a
neutro,Crlh febre inferno
negativo,corpo febre faltava hoje
negativo,febre parece morrer
negativo,Fazia vida febre ruim demais
neutro,mainha pode sentir febre fico morta preocupa√ß√£o deus livre filho endoido
negativo,aguento febre volta porra U0001f92c
neutro,Senhor sono febre cansa√ßo ca√ßar parada
neutro,febre demora boca estoura todinha
neutro,queimando febre
negativo,imunizadah por√©m terr√≠vel bra√ßo febre √≥dio rea√ß√£o
negativo,nen√©m cheio febre quietinho Vacina fdpüò™
neutro,ando muita falta socorroüò´
neutro,Cada falta sabe
neutro,falar falta p√∫blico engra√ßado povo fica espantado
neutro,falta
neutro,Falta caralho
neutro,falta caralho
neutro,falta
neutro,Falta inteiro tmnc
neutro,muita falta ultimamente chegou hora
negativo,preocupada cara saco dando falta
negativo,preocupada marido passou falta dias httpstcoPCTI0P7tEy
neutro,febre Maria J√∫lia passa ü§¶üèºu200dü§¶üèºu200dü§¶üèºu200dü§¶üèºu200dü§¶üèºu200dü§¶üèºu200dü§¶üèºu200dü§¶üèºu200dü§¶üèºu200dü§¶üèºu200dü§¶üèºu200dü§¶üèºu200d
positivo,Fiquei doente tava febre tosse ard√™ncia olhos melhorando
negativo,febre quero chorarrrr
neutro,bastasse Hellena cama agora febre passou Laura ü§¶üèΩu200d
neutro,crlh fiquei quente sonolenta nada febre doida
neutro,nada fiquei febre
neutro,febre veio
neutro,febre cuidar
negativo,ACREDITO FICAR FEBRE NOVO ACONTECER
neutro,acredito febre U0001f97aU0001f97a
negativo,Fazia vida febre ruim demais
neutro,Henry resolveu febre ü§¶üèΩu200d
negativo,Porra febre passa
negativo,fechar merda febre cabe√ßa
neutro,febre chata
neutro,odio febre
neutro,Queimando febreüòì
positivo,febre hoje garganta segue daquele jeito
neutro,mandar irm√£ pedir umas instru√ß√µes melhorar febre kkkkkk
neutro,cheia febre
neutro,cabe√ßa febre
neutro,febre
neutro,Toda hora febre volta tmncU0001f92f
neutro,algum souber avisa tosse
neutro,Tosse dentro boca delenAqui resolveu algumas vezes comecei tossir pesado catarro httpstcoYOD9cqArS8
negativo,vontade socar tosse perto m√°scara ENORME nRan√ßo gente no√ß√£o
neutro,garganta fudida tanto casa hoje kkkkkkkk visse povo todo sobre‚Ä¶ httpstcodbbaMeuCyv
negativo,0540 consigo dormir tanta tosse deus matando
neutro,tosse cacete
negativo,Caralho tosse satan√°s jeito nenhum dormi nessa porra
negativo,chego casa ataca maldita tosse
neutro,crise tosse agora s√©rio
negativo,Crlhou parece neg√≥cio arranhando gargantaran√ßo tosse
negativo,Funga tosse tosse funga espirra tosse funga aguento
negativo,irm√£o suspeita covid fica andando casa espirra tosse √≥dio quero httpstcoYyampPbtO6
neutro,conseguindo dormir causa tosse gripe amadoo
negativo,foda dormir durmo direito tosse inferno dias desse jeito aguento sinto httpstco5FJBv5D4b6
negativo,tosse chata caralho
negativo,tosse crlh
neutro,tosse c√≥lica CARALHOOOO
neutro,tosse chaaaata
neutro,tosse dormi
negativo,amiga querida Covidsem olfato paladar ctosse marido maldito negacionista‚Ä¶ httpstcoq1Y2YAh3VF
neutro,coceira garganta danada tosse horr√≠vel
neutro,vontade enfia tosse
neutro,pior algu√©m falta principalmente b√°sico hipotese algum‚Ä¶ httpstcoRLE5hMkoGT
negativo,ansiedade dormir ruim deita tenta dormir foca nervoso falta triste caras
neutro,toda pensando corona falta ansiedade consumindo
negativo,assassinos CLOROQUINA mata mata ficar esperando V√≠rus comunista‚Äù tomar cont‚Ä¶ httpstcov9ib97M3HR
negativo,Vindo ministro matou v√°rias pessoas Fiquem casa curem hospitais‚Ä¶ httpstcooF2ZCZ8YQi
negativo,Alergia atacada falta chata U0001f92fU0001f92f
neutro,Queria infelizmente acordei falta ü§¶üèæu200d‚ôÇÔ∏è
neutro,POSI√á√ÉO DEITARRRRR TUDO FALTA
neutro,acordei cheia falta √≥dio
neutro,Acordei falta danada ü§¶üèæu200d‚ôÇÔ∏èüòìüò≥
negativo,coisa sempre ruim final falta jesus
negativo,falta mata
negativo,falta crlho
negativo,falta fudida
negativo,ando ultimamente ando passando fisicamente consigo dormir morrendo son‚Ä¶ httpstcokGimYsO4MN
negativo,chorando agora deus falta CARALHO
negativo,Falta caralho
negativo,Falta caralho aguento pprt
negativo,Falta ainda cheiro cigarro
negativo,Falta lixo
negativo,Falta fudida
neutro,falta parou tentar dormir foda
negativo,Falta terr√≠vel
negativo,Falta terr√≠vel
neutro,hoje dormir sentada falta ü§¶üèªu200d
negativo,saporra falta crlh agora consigo dormir
negativo,consigo dormir nada falta caralho
neutro,oivavelmente ningu√©m importa hospital s√©rio sentindo falta httpstcoJGxQo9Crlt
negativo,ficando falta odio
negativo,morrendo sufocada falta caralho √≥dio
neutro,dores cabe√ßa falta consigo dormir fa√ßoüò£
neutro,peito insuport√°vel ficando falta
negativo,falta caralho queria dormindo ang√∫stia U0001f97aU0001f97a
neutro,morrer falta poss√≠vel
negativo,Caralho tosse satan√°s jeito nenhum dormi nessa porra
neutro,vontade enfia tosse
negativo,DomingoEspetacular assistindo Record apoiar absurdo especialistas dizendo festas clan httpstcoVDITswfEpn
negativo,fico irritada nojo alguem tosseespirra cobrir cara agora finalmente sinto fresca√¢ httpstcozPV6H53MbN
neutro,febretosse seca resfriadoningu√Ém mere√Ée¬´¬´¬´
neutro,quero co√Éar garganta sair tosse seca medo achar covid odio
negativo,tosse porra m√Éscara parab√Éns burrice
negativo,crian√Éas chatas caralho gritando igual vagabunda outra tosse fudida deixando noia httpstcomLv3fv7jQA
neutro,tosse cachorro porra espero passe
positivo,esposa falta tosse seca cansa√Éo ponto atendimento minha√¢ httpstcolqFAP9DH4c
neutro,covid deixou tosse cachorro cara
negativo,Ainda nota alguma tosse pouco expectora√É√Éo nesta equipanMaldito covid19
negativo,tosse dando √Édio
negativo,AGUENTO TOSSE CARAIO DEUS
positivo,tosse diminuindo felicidade roupa
negativo,tosse caralho
negativo,crise tosse agora deus horror
positivo,esclarecer mam√Ée felizmente Covid19 gripezinha tosse httpstco6Yi1jgsbP4
neutro,sa√Éxad casa binder passar noite passando tosse realmente recomendo
negativo,sentada esperando m√Édico chamar sentou cara cadeira onde aviso grande pedindo httpstcoURzrcB7maP
negativo,tosse passa saco
neutro,tosse terr√Éxadvel solta bebi pouco kkkkkk
negativo,Peguei treino 2hrs fiquei merda Falta pegando legal
neutro,asma neg√Écio complicado passo todo pensando serase sentindo pouco falta mexi httpstcogG1B2ANIaY
neutro,zinho acelerado falta
positivo,N√Éxadvel super baixo tava falta ansiedade gra√Éas Deus
neutro,falta tremendo
negativo,ruim comer falta
neutro,Acho foaqui galera falta monstra agora torcer crise ansiedade
negativo,falta ataca saco
negativo,febre falta matando
neutro,fico preocupada irm√Éo obeso hipertenso agora covid lembrar fica falta√¢ httpstcoFMApK8aaMQ
negativo,aguento falta
negativo,falta insuporvel xadxad
negativo,explodindo falta inferno quero morrer
negativo,Falta carai
negativo,falta inferno embora
negativo,puta falta odio parece morrer
neutro,tremendo chorando passando falta httpstcoihUFazyVpZ
negativo,falta desgra√Éadaaa
neutro,falta motivo nenhum
neutro,falta cara
negativo,falta morrw
neutro,ultima brinquei repetindo tweets dois dias tava graus febre
negativo,Fico pensando shopping febre chatos
neutro,U0001f975 chega febre
negativo,velho febre foder
neutro,lu√≠za nada ficou febre entendi nada U0001f97a
neutro,cheia febre aguento
positivo,calor achando sinal febre
neutro,nada febre
negativo,Pedro febre nada
positivo,relaxante febre tomar banho quentinho
negativo,febre falta matando
negativo,febre plmds
negativo,coisa sintomas leves covid ruim Cada passa fico pior corp‚Ä¶ httpstcoSig4h6qRn2
negativo,FAMILIA FUFEBRE ALTAKKKKKKKKKKKKKK
neutro,Febre nada
positivo,Febre embora
positivo,Gra√ßas deus febre passo
negativo,Guilherme hamb√∫rguer artesanal quero comer fome febre desgra√ßada
positivo,febre toda mole filha for√ßas
negativo,corpo trabalhando matar ontem enj√¥o hoje febre
negativo,tr√™s amgs pr√≥ximos tudo bebo beijando boca enquanto febre casa
negativo,febre abaixando s√©rio MERDA OUTRAS VIDAS PAGANDO ASSIM
neutro,febre poss√≠vel
negativo,odeio garganta prefiro febre
negativo,Odeio febre
positivo,passei semana inteira febre morrendo medo covid gra√ßas deus teste
negativo,P√©ssimo momento febre resfriado
neutro,queimando febre cheia estressando matando
neutro,Senhores hoje passei meio bateu febre garganta raspar menos ainda nnMedo COVID‚Ä¶ httpstcoAzsS6rw0kd
neutro,s√©rio passei febre deitada morrendo
neutro,cheia febre assim luau kkkkkkkkk
neutro,febre novo ben√ßoado m√©dico queria atestado hoje consigo falar httpstcoykvfcSikm4
negativo,febretosse seca resfriadoningu√©m mere√ßeüò´üò´üò´
neutro,ficando febre
negativo,ficando febre U0001f974ü§í
neutro,manh√£ Matteo acordado febre medicado inv√©s dormir quer desenhonS√≥ Deus
neutro,acordar febre
neutro,acordei febre
neutro,Bomdiou febre
negativo,Deus ajuda aguento fica febre
neutro,acordei febre falta
neutro,febre passa quero dormir üò©üò©üò©üò©üò©
neutro,podia acordado febre Passei noite inteira custava ganhar folga
neutro,fervendo febre escola fala
neutro,febre passando chorar
neutro,Kau√£ febre noite toda consigo nen√©m assim
neutro,Deus vomitando puta febre medo real
neutro,consigo dormi ajudar ainda febre ü§¶üèªu200d‚ôÄ
neutro,dormi nadinha noite febre
neutro,queria tanto enrolar cobertor fizer febre piora
neutro,Segue febre √∫ltima hora mediquei incomodado ainda acorda chorando U0001f97a
neutro,trabalhar disse nVontade deixar filha casa queimando febre
neutro,Tava febre acabei dormindo tava aguentando
neutro,cheia febreüò©
neutro,febre serio medo
negativo,crlllll crise ansiedade madrugada tipo mano ansioso acho falta forte
negativo,falta deshtacada ansiedade morra
negativo,vontade vomitar tontura falta grande vezes parece desmaiar realmente httpstcoovYPJWzi5z
negativo,fico falta odeio odeio odeio
neutro,tanta dando falta
neutro,Acordei falta l√≠ngua dormente coisa ruim
neutro,falta vontade vomitar
positivo,louco demais sentir falta poucos voltando rotina
negativo,Come√ßou falta arüò≠üò≠agora dormi
negativo,cora√ß√£o acelerado falta caralho
neutro,acordei febre falta
neutro,Falta pior coisa universo
neutro,Morrendo falta m√°scara
neutro,falta
negativo,aguento falta MORRER
negativo,porra odeio acordo nada falta maneU0001f92f
neutro,Preciso m√©dico falta fodaü§¶üèªu200d
neutro,falta porra
neutro,sempre hora dormir falta √≥dio
neutro,Tavo dormindo nada veio falta
neutro,falta socorro
neutro,pouco falta ainda usar m√°scara manh√£ todannputmerd
neutro,falta caralho
neutro,falta Deus
neutro,preocupada falta
neutro,toda hora acordando assustada porra muita falta ü§¶üèΩu200düëéüèΩ
neutro,Todo consigo dormir causa ins√¥nia falta crlh
neutro,falta üíîüíîüíîüò≠
neutro,vsfd falta
negativo,Juninho fica for√Éando tosse bota cair germes nojento U0001f92c
neutro,momento tudo contra tosse principalmente cara tirando m√Éscara farm√Éci√¢ httpstcoCxEWXlmOGt
negativo,aguento tosse
neutro,dormi nada acordei horas manh√É tanta tosse
negativo,aguento tosse seca
negativo,odeio ficar tosse resfriado quebra
neutro,tosse caralho aguento
neutro,olhar cama ataque tosse
neutro,sempre dormir come√Éa tosse chatice
negativo,Tosse desgra√Éada
negativo,tosse insuporvel acho morrer
negativo,tosse escrota
negativo,consigo dormir tosse desgra√Éada
neutro,aguento tosse
neutro,Porra aguento tosse
neutro,passando tosse inferno
negativo,toda algu√Ém fala pandemia nervoso falta socorro acaba p√Énico
neutro,Toda fico nervosa falta ODEIO
neutro,gebte socorro puta falta conseguindo respirar direito fa√Éo
neutro,tambem falta febre acho tudo medo real dkdmkdmnd
neutro,come√Éar tomar rem√Édio acabar morrendo Hoje percebi quanto desesperador sentir httpstcoiv9191LGAy
neutro,falta novo saco
negativo,Falta fudida matar homem
neutro,AGUENTO FALTA
neutro,falta deus
neutro,falta foda
negativo,Poha sinto falta correr esquina merda deus caralho
neutro,chorei falta alergias param co√Éar consigo dormir morrendo sono ANSIEDADE ODEIOOOO
neutro,Tento todos jeitos dormir fica dando teno crlh falta
neutro,Caralho falta grande tava quase vendo
negativo,manh√É falta explodindo pedra cruz fala
negativo,odeio queima√É√Éo sinto perto peito deixa falta U0001f97a
neutro,falta vomorre
neutro,falta quero preocupar
neutro,foda achar posi√É√Éo dormir falta
neutro,falta
neutro,novo falta aguento irm√Éo
neutro,dando falta morre
neutro,falta krlh
neutro,odeio sentir falta porraaaaaaaaa
neutro,Acordar falta assustador recomendo
neutro,falta foda dormir
neutro,falta
neutro,foda dormir falta crlh U0001f97a
neutro,crise ansiedade merda fiquei febre
neutro,pouco febre baixa desde cheguei Bernardo amanh√É denovo kkkkkkk
neutro,Acordar febre novo dif√Éxadcil
neutro,Bryan tosse chataüò£ Bryan tosse chataüò£
neutro,Acordei febre garganta inflamada entendi nada agora
neutro,meninas aqui casa morrendo tosse febre pegar corona outra nessa altura campeonato ficar PUTA
neutro,dormi doente acordei imersa po√Éa suornnfui medir febre tamo
neutro,febre mandando real
neutro,febre gostou mimpqpx8f¬ºu200¬∏x8f
neutro,Fico nunca febre garganta U0001f972
negativo,ruim ficar febre fraqueza tudo
neutro,corpo inteiro voltou doer agora febre espero demore passar
neutro,acordou doente febrenmanonDeus pedi algo antes favor perdoe salva nessa
neutro,Noite inteirinha febre capeta ruim caramba
neutro,febre deuss
positivo,Primeiro vencido sucessonnEnjoo corpo febre 38nnAcordei febre pouco enjoonnvouvencer
neutro,Ryan madrugada inteira Febre paaai
neutro,Sinto adoecendo febre a√Éxad pensando algu√Ém daqui mole mercado pode covid
neutro,passando cheio febre
neutro,Acordei febre √Édio ontem estar plan√Éxadssimo tava febre √Édio
neutro,queimando febre nada
neutro,colocando isolamento causa febre ontem kkkk
neutro,Passei madrugada inteira acordada yuri febre tadinho nen√Ém
neutro,acordou febre U0001f974
neutro,preocupada felipe onde mandar mensm manh√É dizendo febre responder √Édio
neutro,aguento acorda febre fudida moral
neutro,Febre abaixa jeito nenhum Deus
neutro,Febre fraqueza dores corpo covid novo
neutro,Acordei queimando febre repreendido
neutro,desgra√Éa pegam doen√Éa menos gravenLeve febre leve leve tossenA grave gado imbec√Éxadl
neutro,febre aumentando Deus
neutro,aqui dando rem√Édio Juliane febre kkkkkkkkkkkkkkkkkkk
neutro,Muita falta
negativo,nada pior sentir falta moral
negativo,Desde madrugada mente inquieta falta f√Écil
neutro,reportagem sobre particilas virais estarem Amostras conposi√Éao httpstcoNm8E3me2yt
negativo,0510 falta febre tmnc
negativo,falta nada
negativo,√Édeio sentir falta
negativo,√¢acordei falta ar√¢x9d plmdds httpstco2cqy20XakX
negativo,Acordei mesma falta p√Énico instalado sobre for√Éava respira√É√Éo sentia encher√¢ httpstcoPSkDTp7Fiq
neutro,acordos falta esperan√Éa crise bronquite
negativo,Caraca Noite Foda Dormi Falta
positivo,caras consegui dormir sentir falta enfim felicidade
negativo,ardor acaba temho tempo sufoca deixa falta
negativo,aguento todo ficar falta inferno
negativo,falta desgra√Éada
negativo,Falta caralho
negativo,falta
negativo,Falta terr√Éxadvel
negativo,falta tomar√É
neutro,acordando falta arnnA vida morango kkkkkkkk
neutro,comecei nova rotina romper home office sair trabalhar companheira apresentando√¢ httpstcoR9QElHhqIg
negativo,peguei olhando teto escuro chorando solu√Éar falta
negativo,Deus pior noite vida paro tossir muita falta
neutro,Porra falta
negativo,parece morrer falta
negativo,falta caralho
neutro,falta deus
neutro,rapaz falta acordei
negativo,Sabe sensa√É√Éo desespero falta apetite sentindo tristeza funda vontade desistir tudo falta httpstcotXTRbkQK4k
positivo,segundo acordando falta palpita√É√Éo OBRIGADA VIDA MENOS INSALUBRE
positivo,Segundo sinto acelerado momentos entendendo motivo sair casa√¢ httpstcojoeCN5yO2G
negativo,falta merda
neutro,morrendo falta jesus
positivo,Virias maqueei senti bonita falta respirar passaram finalmente rem√Édio√¢ httpstcoz4s0OKBtZy
neutro,Ontem febre baixa voltou hoje Tosse coriza pouco estarnnDevo preocupar
neutro,falta aten√É√Éo prim√Éria funcione fato Deus todo classifica√É√Éo lota tosse cor√¢ httpstcoRozYEpPCIy
negativo,mano coisa falar sabe gente sofre disso aqui apaga tem√¢ httpstcom7oLO9hEkT
negativo,aguento tosse alergia rinite
neutro,sala espera fazer exame Cada tosse algu√Ém aqui arrepiozinho
positivo,seguimores voc√És esonnEu √Étimo Acordei melhor tosse httpstcomLplSQjEc0
negativo,tosse caralho
negativo,crise tosse
neutro,Morrendo tosse corisa torcendo covidn
negativo,Irm√Éo garganta cada tosse gosto catarro diferente
negativo,caix√Éo fechado caver respira tosse explica√É√Éo inten√É√Éo cau√¢ httpstcoIFIU2EYI9M
negativo,Gente tosse infernos
neutro,acordei tossindo hoje medo mesma pois tosse bonita
negativo,Acordei tosse maldita
negativo,desgra√Éa pegam doen√Éa menos gravenLeve febre leve leve tossenA grave gado imbec√Éxadl
negativo,Tosse nunca √Édio
neutro,aguento tosse Heitor cada tosse dormindo fa√Éo massagem peitinho alma U0001f97aU0001f97aU0001f97a
negativo,tosse cara
negativo,Odeio fica tosse
negativo,Gente aguento tosse
negativo,tosse chata fude
neutro,tosse cronica meses ontem fiquei doente agora tava tosse agora voltou forte SOCORRO
negativo,moss tosse inferno parece pulm√Éo explodir
neutro,saga tosse isis Jesus
negativo,tosse respirar tontura sofrimentp
neutro,preocupada tosse covid tosse velho KKKKKK
neutro,descobrir hoje fuleiro m√Édico raiox pegar hoje descobrir pulm√Éo√¢ httpstco3eosnUmhiY
negativo,tosse passa deus
neutro,cada tosse aperto maior senhorrrrr
negativo,Namoral muita gente irresponvel Maior tosse tuberculoso cara m√Éscara
neutro,madrugada come√Éou atacar crise tosse cachorro medo tossir busao povo bater x8fu200¬∏x8f
positivo,melhor tosse pouca Obrigada U0001f970
negativo,V√Érios outros Tosse seca cansa√Éo infinito enxaqueca pior vida passav√¢ httpstcoRnzwGHG5hG
neutro,Kayke crises tosse completar tiros esquisitos Jesus
neutro,Agatha tosse pulo cama morro medo engasgar
negativo,Cheio √Édio tentando dormir ontem consegui direito tosse seca come√Éou atacar a√Éxad ain√¢ httpstcon0RFahSd5T
neutro,chega horas porra tosse ataca
negativo,tosse irritante
neutro,consigo dormir tanta tosse brother
neutro,cansada tosse
neutro,Porque chega madrugada tosse sempre piora levantar fazer nescauzinnn quente alivia porra
negativo,tosse dando bichoooo NUNCA
negativo,aguento tosse
negativo,nariz entupido tosse desestabiliza durmo noite toda checando tudo
positivo,esfria forma op√É√É¬µesnNariz entupido espirros rinitenDor sinusitenTohttpstcoFYEWtm9qnG
negativo,crise tosse hora puro odio
negativo,tosse seca porra Manucu
negativo,tosse peito costas Pior consigo dormir
negativo,tosse chata
negativo,penso melhorando tosse novoxad
negativo,hora dormir hora tosse chata ataca nunca saco
negativo,pior gtgt sentir gosto gtgt sentir cheiro gtgt corpo gtgt falta gtgt gtgt tosse peito
neutro,quero dormir tosse deixa √Édio
neutro,Tosse sangue dif√Éxadcil
neutro,suspeita covid toda hora tosse Deus
neutro,bolao tosse
negativo,aqui conseguir dormir causa tosse falta algu√Ém fala covid parar
negativo,√Édio tosse
negativo,tosse conseguindo dormir x8fu200‚Äö¬∏x8f
negativo,tosse maldita
negativo,Tosse caralho passa nunk
neutro,Kkkkkkkkkk sempre tomo parece ficar febre
neutro,sentindo febre primeira loucura
negativo,acordei febre sacanagem
negativo,acordei febre crlo tamb√Ém nneeeeeeeeeee
neutro,Caralho febre Arriada
neutro,Dormi nada noite nior cheio febre fico preocupada U0001f97aU0001f97a
negativo,Hoje trabalho causa fudida febre tamb√Ém inflama√É√Éo garganta
neutro,Isis queimando febre
neutro,dormiu melhor gra√Éas Deus compensa√É√Éo Hellena febre noite toda achando tir√¢ httpstcoDiRhO3uNPc
negativo,Mano vtnc poderia estar vendo aula presencial porra febre atacar √Época aaaaaaaaaaaaaaaaaaaaaaaaaaaaaaaaaaa
neutro,amiga beb√É meses hospital desde segunda febre vomitando quero pensar nada agora
negativo,ontem tava queimando febre antes dormir hoje garganta amanheceu fudida √¢¬®U0001f974
negativo,FRIO INSUPORx81VEL febre merda
negativo,Tr√És dias praticamente cama passando febre pesco√Éo Deus ajude
positivo,noxadcia minoria vacinados caso sentir√É febreou loc√¢ httpstconcoANhWO0D
negativo,morrer tossindo tripas posxadvel terceiro seguido tosse maldita
negativo,Cheio √Édio tentando dormir ontem consegui direito tosse seca come√Éou atacar a√Éxad ain√¢ httpstcon0RFahSd5T
negativo,aguento tanta tosse
negativo,aguento tosse
negativo,chega horas porra tosse ataca
negativo,tosse irritante
negativo,consigo dormir tanta tosse brother
negativo,cansada tosse
negativo,Porque chega madrugada tosse sempre piora levantar fazer nescauzinnn quente alivia porra
negativo,aguento tosse
negativo,crise tosse hora puro odio
negativo,tosse seca porra Manucu
negativo,tosse peito costas Pior consigo dormir
negativo,tosse chata
negativo,consigo dormir tosse insuporvel nariz entupido
negativo,Tosse feiosa carai
negativo,hora dormir hora tosse chata ataca nunca saco
negativo,quero dormir tosse deixa √Édio
negativo,√Édio tosse
negativo,tosse maldita
negativo,Tosse caralho passa nunk
neutro,Ardendo febre
negativo,febre indo voltando foda
negativo,ouvido infeccionado ouvido fechado febre √Énsia v√Émito nnblz quer matar mata deixa sofrendo aqui
neutro,Murilo pelando febre aiiiixad
negativo,garganta fudida febre alta caralho sextouuu
neutro,corta chorando tava febre longe
negativo,corpo febre crlh foda xadx8f¬øu200‚Äö¬∏x8f
neutro,ardendo febre novo aguento
neutro,CONSULTA VOLTEI DOENTE FEBRE PAIX√ÉO PORRA
neutro,Laisa enjoada normal febre U0001f97aU0001f97a
negativo,Coronga acabando comigo Al√Ém sentir gosto cheiro alimentos ainda tirando apetite httpstcoo462iDu9oY
neutro,irm√Éo super quente febre enrolado cobertor super grosso calor graus
negativo,amigo diarreia febre vida covid √Égua janeiro simplesmente MERDA NOVO
negativo,febre foda completar ouvido doendo caralho
negativo,Homi bicho frouxo demais nMeu qualquer dorzinha MORRENDO VENDO RUIM nCom httpstcou6tpTrcsiz
neutro,pretinha febre ‚Äù‚Äùx90
positivo,tambem falta febre acho tudo medo real dkdmkdmnd
neutro,Serio febre novo
positivo,sextou vida acordou febre x8f¬º
negativo,febre fodida passando caralho credo
neutro,febre nada doideira
neutro,sentindo falta
negativo,fica falta antinha
negativo,vrdd toda come√Éo pensar futuro fudido come√Éo falta fico triste
negativo,toda algu√Ém fala pandemia nervoso falta socorro acaba p√Énico
neutro,agora fico triste falta nada
neutro,tambem falta febre acho tudo medo real dkdmkdmnd
negativo,falta
positivo,Voltei casa vov√É domingo ficar desde sentiu falta nenhuma U0001f97ax8f
neutro,gebte socorro puta falta conseguindo respirar direito fa√Éo
negativo,come√Éar tomar rem√Édio acabar morrendo Hoje percebi quanto desesperador sentir httpstcoiv9191LGAy
negativo,Nnsei pior peito falta conseguir dormir U0001f97a ansiedade realmente destr√Éi
negativo,falta novo saco
negativo,Falta fudida matar homem
neutro,aguento falta
negativo,aguento surtar chorar tremer falta esperar ajuda divina cair
negativo,falta deus
negativo,Poha sinto falta correr esquina merda deus caralho
negativo,falta veio cloro desgra√Éa
negativo,indo trabalho todo palpita√É√Éo falta ansiedade httpstcozTLKckyOpI
negativo,Nnsei pior peito falta conseguir dormir U0001f97a ansiedade realmente destr√Éi
negativo,agora fico triste falta nada
negativo,falta
negativo,Sentindo peitouma falta sinistra
negativo,gebte socorro puta falta conseguindo respirar direito fa√Éo
negativo,come√Éar tomar rem√Édio acabar morrendo Hoje percebi quanto desesperador sentir httpstcoiv9191LGAy
negativo,falta novo saco
negativo,Poha sinto falta correr esquina merda deus caralho
negativo,fase passo madrugadas falta perdida pensamentos escolhas dev√¢ httpstcoWLzhq0S4YH
negativo,nada crise ansiedade pensei morrer falta
negativo,dormir melhor tava acordei falta triste vida asm√Ética gripa x8fu200¬∏x8f
negativo,chorei falta alergias param co√Éar consigo dormir morrendo sono ANSIEDADE ODEIOOOO
neutro,crise al√Érgica puta falta pega corona crise morro
negativo,falta foda dormi
negativo,manh√É falta explodindo pedra cruz fala
negativo,Acordar falta assustador recomendo
neutro,Caralho falta grande tava quase vendo
negativo,munta falta x8fu200¬∏x8f
neutro,pulo corpo inteiro formigando morrendo falta KKKKKKKKKK cada frescura
neutro,digo fiquei falta nnTodo mundo COMENDO DIREITO
negativo,muita falta Nessas horas vejo quanto ruim poder socorro
negativo,odeio sentir falta porraaaaaaaaa
negativo,falta
negativo,falta vomorre
negativo,falta krlh
negativo,Falta dormir foda x8fu200¬∏x8f
negativo,novo falta aguento irm√Éo
negativo,quase surtando falta doendo peito jogando mano surta
negativo,falta
negativo,falta manh√É
negativo,foda dormir falta crlh U0001f97a
negativo,dando falta morre
neutro,Falar agir febre Fala
neutro,rem√Édio kkkkk rem√Édios gripe febre derrubavam sdds
negativo,a√Éxad ainda dormi bebinha sono cheia febre foda
neutro,Acordei assustada testa vendo febrenEle deve fazer seman√¢ httpstcoIjZmNQGFxI
neutro,Acordei febre angustiada hoje aniverrio quero perfeito
negativo,Acordei febre ficar longe fico r√Épido U0001f97a
neutro,legal acordar febre
neutro,Espero febre hoje porque quero voltar hospital
negativo,acredito febre mano
negativo,gente ficar indignada preciso atendimento febre noite toda quisemos ocupar√¢ httpstcoT71ggDYY0i
negativo,puta febre saco
negativo,queimando febre morrer
neutro,Manu Dando Febre Novo u200¬∏x8f
neutro,todo mundo gripado febre diabo
neutro,febre Jo√Éo passa
negativo,IVERMECTINA CURA COVID PAREM MATARnontem falta tosse febre muita corpo√¢ httpstco9wkGxbJ78l
negativo,acordando febre garganta ruim fude
negativo,acorda febre x8fu200‚Äö¬∏x8f
neutro,pedido hoje febre Samuel passe todinha suporto assim
negativo,sentindo frio botei term√Émetro √¢febre√¢x9d come√Éando preocupa
positivo,coisa tamb√Ém febre passou tomara volte tava medo
negativo,vsfd odeio acordar febre
neutro,cansaxadssima falta olha hora ainda dormi
neutro,nada disparado tremendo toda morrendo falta vontade vomitar noite
negativo,Hospital medir satura√É√Éo tudo mente falta
negativo,HOJE CRISE ANSIEDADE FUDIDA LITERALMENTE BATI PAREDE PODE LUXO√¢ httpstcoYwsAZeoa27
neutro,desparrou tanto falta
negativo,tanta raiva passando tremedeira falta desgra√Éa
negativo,Acordei olhos cheios l√Égrimas falta caralho √Édio
negativo,comecei falta nadatmnc
negativo,Falta porra
neutro,falta nada
negativo,falta hora vtnc
negativo,sentir falta U0001f97a
neutro,conseguindo dormir maneira nenhuma falta mere√Éo plantei
neutro,momento achei hoje morrer falta
negativo,puta pariu falta caralho
neutro,falta normal
negativo,quase morri falta hoje aiai covid obrigada sequelas
neutro,queria dormir falta deixa
negativo,chorandon falta desgra√Éa deus
negativo,toda fico falta puta pariu
negativo,falta valeu Enel mimo
neutro,Aqui lembrando surto COVID parte fam√Éxadlia Pernambuco chocou pri√¢ httpstco8KZmEMH2Yq
negativo,ignorante quer fa√Éa segure tosse exploda
negativo,deitar come√Éa tosse maldita
negativo,Ajunta innia miser√Ével tosse durmo jeito nenhum √Édio
neutro,benalet salva garganta acaba tosse implorando POSSO ficar doente
negativo,caralho queria tosse embora deus perturba√É√Éo
negativo,garganta Deus doer junta tosse cachorro ningu√Ém merece U0001f97aU0001f97aU0001f97aU0001f97a
neutro,dif√Éxadcil povo ruim todos sintomas covid covid √¢uma gripe forte√¢x9d diarreia httpstcormoivvrn5b
positivo,noite Bernardo quer tosse dormiu super tranquilonGra√Éas Deus
negativo,tosse atrapalhando soninho
negativo,tosse acabando sentindo sendo afogada ventilador tava parado come√Éou√¢ httpstcoEheOBp7aGj
negativo,tosse assustando medo piripaque
negativo,tosse caralhooo √Édio aguento
neutro,achando bizarrroooo monte conhecido amigas familiares ZUADOS todos sintomas covid httpstcoBEn5Ov4nE3
neutro,prima falando coron√Éria enquanto tosse kkkk
negativo,ODIO COME√ÉO CRISE TOSSE NADA
negativo,tosse insuporvel dif√Éxadcil dormir assim
neutro,sempre horas tosse ataca incr√Éxadvel
negativo,aqui filho colo porque tosse chata deixa dormir
negativo,tosse chata
negativo,Tosse chata porra
negativo,tosse chata
negativo,tosse custa crln consigo dormir
negativo,dormi chorando acordei raiva febre raiva
neutro,queria emocional atingisse corpo acabasse vontade comer sabe Seria√¢ httpstcoxmVTElxbr8
neutro,porra bra√Éo dando febre
neutro,chorando agora febre U0001f97a fazer mandei fica calma
neutro,garganta febre sofro
neutro,porra febre
negativo,acordei bastante febre acreditando
neutro,cheguei escola tava febre
neutro,sair deixar beb√É febre
negativo,novo febre aguento insistir amanh√É noite
negativo,passar noite garganta febre ainda acordo consigo toma √Égua beleza
positivo,desse lovizinho gostoso febre embora
neutro,nada manh√É acordo morrendo corpo febre U0001f97a
negativo,febre caralho
negativo,fico puto term√Émetro medir febre
negativo,odeio febre intestino nenhum sintoma ficar boca fica uma√¢ httpstcooDr5OrgsaU
negativo,pirar filho queimando febre xadxadxadxadxad
negativo,febre noite estralando acorda trampa ouvir graca cedo toma
negativo,febre filha putaaaaaaaaaaaaaaaaaa
negativo,acordo corpo parecendo passou caminh√Éo febre acompanha nBom
negativo,Lohan meses primeira nen√Ém febre cabisbaixo peda√Éos
neutro,fiquei meses botar casa cheguei escola apontando coisa febre braco httpstcosGgIsqLoSR
neutro,febre madrugada parar queria ficar desse jeito U0001f97a
neutro,falando febre queimou neur√Énios errei portugu√És hora dessas escreve certo auge sono kkkk
neutro,dormi nada noite ardendo febre liga
neutro,saco suando devia febre
negativo,febre vontade chorar odeio ficar doente
negativo,zuado passei folga inteira cima cama queimando febrenn comi todo tamb√Émnnq √Édio
negativo,cheio febre merda
neutro,amiga anos VINTE SEIS Covid falta febre corpo todo U0001f97a httpstco32OD8j9RDK
neutro,irm√É acordou tomar rem√Édio febre vomitando rem√Édio
negativo,caralho mano vizinho manca TODO cedo fica corredor tosse fudida coloca m√Éscarax8fu200¬∏x8f
neutro,levar amor emerg√Éncia hoje gripado asma passou noite toda cansa√Éo nariz super httpstco2tyvydB7OQ
neutro,Voc√É tosse dopada coma hahahaha
neutro,horas come√Éa crise tosse dentro trem kkkkk povo jaja linchar daqui kkkk
neutro,ataco tosse consegui dormir direito desgra√Éa
negativo,aguento tanta tosse falta
negativo,tosse arrombada dxou dormir noite toda
negativo,fiquei semana presencial morrendo falta binder
negativo,mano dif√Éxadciltava falta p√Énico chorando travado tipo bra√Éo rela√Éwo√¢ httpstcop5cH9E1onH
negativo,consegui comer conseguindo dormir falta crise choro outras coisasnVai ansiedade come
negativo,ansioso Mano acordado desde manh√É c√Érebro acho atrasado√¢ httpstcoZ0YHoGzyjC
neutro,Nen√Ém deixa mam√Ée mimi kkkkk muita falta
negativo,falta peito juntinho aguento
negativo,falta desgracada morre
negativo,Acordei falta
negativo,Acordei muita falta odeio
neutro,acordei falta fodida deus
negativo,vazioaquele sentimento culpaaquela falta aperto sozinhoacho perdi caos
negativo,caralho falta
negativo,falta acaba U0001f97a
negativo,falta insuporvel sentindo deixou dormir hora praticamente chora√¢ httpstcouyjFOzLeg3
negativo,falta irrita
negativo,krlh falta acabar matando
negativo,Falta caralho
negativo,falta caramba
negativo,cozinha beber remedio quase morri odio falta
negativo,indo tentar dormir 0420 manh√É pouco falta deixando nervoso nen√Ém precisando ajuda
negativo,consigo dormir muita falta
neutro,passando falta caralho
negativo,aguento tanta tosse falta
negativo,dormi ainda cara parece enfiando v√Érios cacos vidro corpo falta furiosa
negativo,dormi nada puta falta
neutro,cama consigo dormir consigo acordo assustada comigo falta U0001f97aU0001f97a
neutro,acordo humor theo acordar sendo cedo fico falta
negativo,puta falta tomara morra
negativo,falta carakho
neutro,falta sentindo puta pariuuu
neutro,creio febre
negativo,Lembra fiquei pior febre mano diarr√Éia caralho
neutro,caceta acho febre
neutro,ardendo febre deus
neutro,Cara febre baixaaa
neutro,caralho tomar rem√Édio febre suar tanto
positivo,febre valeu pena vamo
neutro,Mufina febre olhos‚Äù acreditando
negativo,azarado febre
negativo,falta commisso dessas sonsas realidade compar√Éve√¢ httpstcou7foCDeXA6
negativo,cheio argumentos principal pessoas enviadas casa terem falta Voce httpstco7l0dHhNmqe
neutro,consigo chorar aperto peito falta
negativo,ansiedade matar falta manoo vida fode assim
negativo,tempo consigo dormi desconfio todos peito falta sensa√É√Éo
positivo,adianta explicar quer ouvir tomei tomo quase v√Érias pessoas fica√¢ httpstcopLcE9fNx4v
neutro,acho falta parece cora√Éao preso caixa explicar deus
negativo,Aiii falta ar‚Äôessa porra
neutro,falta desde cedo
negativo,pesadelo parece acaba nunca xadxadxadxad voltou hospital Agora falta v√Éxadrus httpstcomeprg1pIrk
negativo,dias falta toda antes dormir nebulizar aglomerando gente mun√¢ httpstcoZSN12pCBbr
negativo,falta todo agora carai
neutro,realmente achando morrer posso sentar sof√É falta
negativo,ensaio cedo gra√Éas falta madrugada toda pude porra ainda matar
neutro,falta poha
negativo,Falta puta cansado sentido nnpor favor agora
neutro,Falta fudida
neutro,Falta hoje passando limites
negativo,fica falta porra
neutro,manh√É tava saindo bocae tarde acordei falta arquase morrendodia louco porra
neutro,indo hospital morrendo falta rezando
negativo,assustador hospital falta crise choro dentro sozinha quan httpstcohBUhiClVpX
neutro,falta parece alguem sentado peito consigo puxar direito morre
negativo,chorando telefone corpo falta causa covid acaba
negativo,falta matando poucos aqui nada galera
negativo,repente fiquei falta vtmnc
negativo,falta
negativo,falta morre
neutro,Vivendo eterno falta ser√É covid ansiedade desde mar√Éo 2020
neutro,dormir falta acordo falta assim segue todo Jesus
neutro,fecha algm tosse
negativo,triste Perdi amigo Longas longas conversas disse Covid tosse inconformado
negativo,crise tosse tudo precisava
negativo,detesto ficar tosse
negativo,tosse aguento
negativo,tosse matando
neutro,preocupada real ncamilla tosse seca todo Viih tube semana passada agora√¢ httpstcofIVkkXmQ1I
negativo,Lindo tosse ficando paran√Éica
negativo,Deus dif√Éxadcil segurar tosse
neutro,fessor tendo aula covid tendo crise tosse
negativo,aguento coriza tosse
negativo,aguento tosse satan√És preciso voltar vida piranha novo
neutro,tosse carai
neutro,tosse esquisita medo real covid tomar antial√Érgico passar fodeu
neutro,todo vizinho passando puta tosse tuberculoso falta morrer sempre assusto kkkkk
negativo,Tosse chata
negativo,Tosse come√Éo garganta faltava
negativo,tosse seca chata
neutro,update jeto semana mencionei aqui sintomas leves tosse garganta coriza repor√¢ httpstcoeEYsJD4mdy
neutro,meses assim febre dormiu chorou tadinha
negativo,A√Éxad voc√É surtando acordo falando filha acordou febre corpo covid
positivo,Acordei felizona estudar febre
positivo,venceu febre passou
negativo,Davi febre acordando toda hora cansada
negativo,agora febre gente aqui casa pesado
negativo,sentindo infernal febre quero morre
neutro,febre tosse cansa√Éo tomara aaaaaaaaa
negativo,horrores achei tava melhorando voltei febre todo tipo exausto trabalha httpstcoTIOZKbt6mN
negativo,Kkkkkkkk entendi al√Ém psicol√Égico piorei velocidade desabafo febre deus httpstcouTXW64xfUA
negativo,tosse febre comprar rem√Édio
neutro,febre
neutro,febre suando frio Deus
neutro,muita febre ‚Äûxad
neutro,Sigo febre Ipanema pe√Éo te√É√Éo
neutro,dando febre senhor
negativo,fudida acho acordei febre olfato diminuiu garganta ficou ruim NADA
negativo,menina aqui √Énibus falando febre nela vacina carai tomo
positivo,Simmm a√Éxad jornal passava povo tava sentindo falta A√Éxad ficava Ser√É√¢ httpstcol7GUHxJ2MT
neutro,sair plantas kkkkkkk hora parece falta
negativo,Nesse v√Éxaddeo √¢paciente√¢x9d falta Jamais algo HORR√Éx8dVEL paganda httpstcokuzJ3q9rZZ
negativo,achando fobia social Toda pego onibus metro falta preso preciso psicologo
negativo,sentindo falta direto ansiedade desgra√Éada mate logo
negativo,Ontem consigui crise disforia ansiedade depreso falta hiperatividade crise bizarra que√¢ httpstcomgLA4xVSaO
negativo,Trabalhar gente morta fome falta coisa nojenta existe ra√Éa maldita
neutro,sonhou esp√Éxadrito tentando sufocala realmente acordou falta arpqp
negativo,costas falta acho morrer verdade
negativo,caralho noite foda dormi quase nada falta
negativo,Falta lixo
negativo,falta espero morra
neutro,Falta
neutro,Fiquei falta plmds
negativo,momento chorar falta
negativo,m√Édico nega ambul√Éncia irm√Éo diarr√Éia febre abdominal FALTA httpstcoi9Dln8OO8V
negativo,√Étimo indo hospital falta indo levar inferno
neutro,imaginar daqui pouco come√Éa falta vontade chorar
neutro,romantiza ansiedade nunca passou noite inteira dormir chorando falta cansa√Éo desgra√Éado crise
negativo,muita falta ultimamente medo
negativo,menina sala falta deus ainda casa
neutro,barriga atr√És olhos falta feia dormi espera
negativo,todo neg√Écio acordar morrendo falta √Édio merda caralho
negativo,inexplic√Ével falta
positivo,24horas fila√¢ httpstcouRof6c5KU9
positivo,brasileirinhos exame Covid 1nSei falso outro v√Éxadrus maluco httpstcoZSYjJeGEYF
neutro,Cada tosse escutada ora√É√Éo diferente
neutro,camilla thais tosse caio carla sentir gosto coisas viih tube gargantaarthur httpstcotN5Dk5cxut
neutro,Carla Diaz sentir gosto cheironCaio sentir gosto quebradonCamilla Lucas tosse seca nThais httpstcoyIOS8upIxu
neutro,Melhor coisa muita m√Édica passou xarope tosse fazia dormir httpstcorhr39X09EP
negativo,Sonhando aguento tosse entrar P√Énico
negativo,tosse pneumologista pede tomografia retorno httpstcos6Be9069NE
negativo,Aconteceu temia crise tosse √Énibus queria morrer xadx8fu200¬∏x8fxadx8fu200¬∏x8fxadx8fu200¬∏x8f
negativo,dormir cedo lembro tosse tentar engolir formava boca pensava perde√¢ httpstcoAvgO2HE28X
neutro,febre tosse cansa√Éo tomara aaaaaaaaa
positivo,Finalmente tosse seca expectorando
negativo,preguei olho noite tosse infernos
negativo,odiar tossir frente outros trabalho ataca tosse inferno
neutro,tosse coriza garganta febre covid todo caso dado tem√¢ httpstcot4VPKLzX1i
neutro,tosse infernos Brasil
neutro,Rezem Cl√Éo internada ontem noite dificuldade respirar tosse cachorro
negativo,separando alas suspeito covid consulta normal igual bosta velhonnse pego merda√¢ httpstcohXGLkGK5Mg
negativo,tosse desgra√Éa medo covid
neutro,crise tosse chega engasguei kkkkk mulher saiu lado
negativo,tosse pulm√Éo serio dormir hoje
neutro,tosse desgra√Éaaaaaa
neutro,tosse caralho embora
negativo,tosse terr√Éxadvel peito costas pulm√Éozinho incomode novamente afim ficar httpstcof3TaG3KETN
negativo,tosse normal loco
negativo,tipo idiota pensam morre todo santo 1000 pessoas doen√Éa√¢ httpstcoAhMHk34An0
neutro,Deus c√ÉunChuva intensanEu mundonSem noxadciasnVai dando falta
negativo,ansiedade falta crlh
negativo,ansiedade esmago barriga falta peito Jesus causa
negativo,tantas manotas deste desGoverno superei fase vergonha alheia rai√¢ httpstcoUNA6lqESAK
neutro,Espero falta asma covid ferrada
neutro,falta ansiedade ataca
neutro,Deus acordei falta
neutro,amado falta
negativo,Passei madrugada falta Acho hora chegando
neutro,falta DeusnParece morrer
negativo,paladar tosse dias casa vigiada Brasil Globolixo fala tanto gente ficar httpstcoMB9VEsQw0d
negativo,√Édio desse imbecil porra NUNCA tiro m√Éscara idiota veio bebendo agua httpstco0W8aZDFdGf
neutro,melhorando acho Ainda recuperaram olfato paladar tosse seca httpstcofm7nS1ZokY
negativo,sensa√É√Éo garganta ruim tosse fodida dias httpstco6ZuogmpCB5
neutro,Caralho crise tosse agora
negativo,tosse passa raiva
neutro,refluxo sinto comer vontade vomitar junto tosse solu√Éo insuporve√¢ httpstcoTTUHYpKwhg
negativo,acordou tosse Deus corona pfvv
neutro,Poxa preocupado acesso tosse agora manh√É coceira garganta atento ver√¢ httpstcoXScSEbKKYA
negativo,tosse chata mano
negativo,vergonha cara fica onde Conseguiram eliminar sarampo febre amarela dengue hepatite httpstcoIjkZ5XDh9i
positivo,al√Éxadvio contente febre menos corona kkkkk
neutro,deus todas amigas garganta febre
neutro,Acho dando febre causa porra poeira
positivo,acordei parecendo levei soco olho tanto doendo maos juntas p√ÉsnnmassshttpstcoSKIhNAHvML
negativo,sair casa pode sair farm√Écia hospital farm√Écia estar httpstcoHkUMt6gdWZ
neutro,arthur dormiu aqui queimando febre
negativo,davi acordou febre aperta logo
negativo,apetite algum febre dores corpo latejando medo alguma coisa acaba√¢ httpstcoYTfSLeEqlC
neutro,febre favor embora
negativo,Gente semana inhaca todo lado febre c√Élica siso todo zoado crise enxaqueca toma
negativo,Mano medo quero morrer nnGalera orem dias seguidos febre alta olhos httpstco3S4ic2SQv8
neutro,medo estar febre no√É√Éo
neutro,passou madrigada toda febre‚Äù¬¨
negativo,Passei noite toda febre medo
negativo,piorar tudo ainda febre
negativo,tosse raiva homem maldito
negativo,serio tava come√Éou esfergar falando tomara pegue gripe conta√¢ httpstcom1T0ut6gJ3
positivo,tosse dando tr√Égua finalmente caralho
negativo,a√Éxad acordei agora tosse tudo conta desse caralho mudan√Éa tempo
neutro,Dani cheio tosse tadinho
negativo,Foda tosse gripe pandemia quer expirar tossir pulm√É¬µes pessoas ficam httpstco9CtteSQEXl
positivo,Ontem terminei corticoide hoje termino antibi√Ético sentindo melhor compara√É√ÉonnMa√¢ httpstcogF14yxY4zq
negativo,merda pneumonia deixa mano aguento tosse raivaaaa
negativo,tosse desgra√Éada consegui dormir direito
negativo,Tosse
negativo,Ruim jornalzinho merdas ministro certeza muita culpa nisto tudo pois httpstcokocH2Rv2ks
negativo,fico triste envergonhado noxadcias outros estados aqui Paulo httpstcoiLcP3CmleD
negativo,Ouvir reportagens covid cedo falta
negativo,centro agora manh√É nada come√Éou medo comum falta bizarra httpstcoBAYWbumx0y
negativo,Pergunta Mandetta porque tocolo cure m√Édico somente sentir falta httpstco8N0s3XKqwS
negativo,Mandetta nunciamento na√É√Éo pediu brasileiros curassem ajuda m√Édica somente httpstcovhfOLM1YdU
negativo,Muitas pessoas perderam vida confiar cidao recomendou curar hospital somente√¢ httpstco9mTOF1Wmet
negativo,imbecil recomendava curasse m√Édico sentisse falta
negativo,Falou imbecil fica casa sentir falta
negativo,Falou rapaz mandou hospital falta festinha m√Éscara
neutro,impressionante doen√Éa afeta tudo tosse desestabiliza corpo f√Éxadsico falta httpstcom33bK6Gean
negativo,Acordei falta devo preocupar
negativo,Acordei falta bombinha achei asma continua jeito Agora preocupada
negativo,falta acho deus
negativo,falta fudidaaa
negativo,Odeio acordar falta
negativo,ontem hoje falta saco sinceramente
negativo,falta
negativo,todo acordo hora porque cismo falta covid deus aguento
negativo,alegria pobre dura pouconOntem recheado alegria al√Éxadvio estar vacinada puta odio√¢ httpstcoQWdcrSP3rl
negativo,gripezinha pqpnEu treconMuita febre muita cansa√Éo√¢ httpstcoXxffXAhsJ6
negativo,Amiga chegou febre postinho M√Édico vagabundo corrupto tacou suspeita covid mandou isolar httpstcomHl2ldG80i
negativo,Desde anteontem febre disposi√É√Éo
positivo,passamos margem febre intensos dias
negativo,Febre dormi choro ainda
negativo,pobre amanhecer febre
negativo,ontem noite quase morri febre
negativo,arrumei escola febre passa aguento
negativo,aguento acordar febre
negativo,consegui dormir cheia febre tendo pesadelos horr√Éxadveis
negativo,posso conversar abra√Éar ningu√Ém porque fico sil√Éncio consigo httpstcobgkQHR8jCp
negativo,Queimei febre noite inteira acabei levantar morrendoela perguntou ainda quer cobrar coisas mimaff
negativo,viajando maluco porra prudente sofisticada comeu manga febre
negativo,Prescrevendo onde m√Édicos prescrev√¢ httpstco6gJkuq7nvd
negativo,entendo porque entrevistar cara deveria incriminado ohttpstcoXpoLUBDwdQ
negativo,Fam√Éxadlia amigos Covid leitos Pirapora Jesus muita febre fracos Doen√Éa podemos ajudar
positivo,quero avisar melhorzinho gra√Éas febre sendo controladahttpstcoiUOhJA8DRT
positivo,quadro cl√Éxadnico esvel febre oxig√Énio baixo fluxo nenhum outro sintoma relevante assi√¢ httpstcowf7Gvhgzxy
negativo,febre trem satan√És
negativo,Hoje tristeza passageiranHoje fiquei febre tarde inteiranE chegar noite cada estrela parecer√É l√Égrima
negativo,basta febre horas garganta doendo tanto consigo comertomar nada raiva
positivo,Mam√Ée esvel satura√É√Éo normal febre orientadanAinda precisa suporte oxig√ÉnionO sinal httpstcowpgQGkBTIJ
negativo,beb√É acordou febre
negativo,febre preso baixa
negativo,terceiro acordo febre acontecendo comigo
negativo,queimando febre nada
negativo,mocinha acha gra√Éa m√Édicos linha frente usam m√Éscara inteiro in√Éxadcio√¢ httpstcolvGBwVp5Aj
negativo,Assim m√Édicos compencia pouco commisso vida fala existe httpstcoPr3FSF1ahL
negativo,sinto fase dif√Éxadcil guerra enfermeira hospital lotado RSnn‚Ä∞ falta httpstcofZBI6go9wk
negativo,acordei falta porque sonhei contexto pandemia tava todo mundo aglomerado lugar fechado m√Éscara agonia
negativo,sintomas covid precisei consultar fazer exame fiquei assustado emoc√¢ httpstcoE8oml2EjRM
negativo,hoje foda acordei v√Érias vezes falta fiquei paralisia todas vezes tentei dormir novo agora chorando
negativo,falta
negativo,Cuba pacientes precisam levar comida casa hospital√¢ pagar tratamento interna√É√¢ httpstcoaolf071EON
negativo,Pois nobro aqui Alemanha nenhum rem√Édio exce√¢ httpstcowBeS8k0jJu
positivo,Renato fase tomando ivermectina azitromicina zinco sentindo√¢ httpstcoDJlvzQFEi6
negativo,sintoma acordeipior muita tosse peito pesado febre preocupada
negativo,acordei tosse
negativo,internado Nunca desperador naquele estado cansa√Éo tosse persistente tira√¢ httpstcossJ7FLBLPJ
negativo,Caralho tosse insuporvel
negativo,tosse voltando FUDEEER GRIPE MERDAAAAA
negativo,amado tosse peste essaaaaaa
neutro,Nebulizac√Éo entupindo rem√Édio nada tosse gripe passar porra corona
neutro,caso tosse velha afogo saliva caso espirro puramente alergico inferno
neutro,nada fico gripado merda cheio tosse
neutro,tosse
negativo,pensar dormir tosse desgra√Éada
neutro,Sabe tosse √Énsia Pois
negativo,tosse caralho
negativo,QUERO PESSOAS MORRAM LIGO DINHEIR9 VENHAM DIZER PASSA ARROGANCIA√¢ httpstcovyycdGs5lG
neutro,Voc√É covarde car√Éter cesseme tosse
neutro,ainda tosse cima outros pragas
neutro,Caralho tabagismo nnFui risada tosse fumante cinco minutos
neutro,COVID congeso nasal Ta√Éxad caso marido tosse seca deixou cismada
neutro,Receita dada conforme sintomas Covid doen√Éa sismica recei√¢ httpstco57F1HO00My
neutro,acho tosse medo
neutro,noite covid semana hoje hospital febre tosse reagir √¢x8f
neutro,tosse cachorro foda
neutro,tosse nunca embora √Édio
neutro,mano tosse porra
negativo,aguento ficar casa mano vtmnc tosse desgra√Éada
negativo,nojo tosse seca nunca passa
negativo,medo tosse
negativo,tosse chataaaa
neutro,Segunda semana contando desde gripei tosse ainda embora vezes chego sentir leve gohttpstcoFuHaua3SME
neutro,dando pena bichinho tosse
neutro,ficando preocupada tosse corona gra√Éa
negativo,Tosse fudida aguento
negativo,mano aguento falta
negativo,doen√Éa respiraria merda fazendo nebuliza√É√Éo morre falta
neutro,falta vontade chorar
positivo,lindo artistas idosos vacinando sensa√É√Éo viver passar horror httpstcoCcpDjXDuUL
negativo,seinncomo tratamento precoce prejudicasse pr√Éximas fases tratamentonn RETARDADOS prefer√¢ httpstco1veap6S9lP
negativo,pprt mano ontem merda cara vsfd passei inteiro vomitando febre jurei tava covid
neutro,KKKKKKKKKKKK medo causa coronansempre espera delirar febr√¢ httpstco72J1XSOWLz
neutro,estar febre
neutro,febre estar Elly
neutro,caraca febre
neutro,Hel√É pizzaria aqui sof√É queimando febre comendo banana kkkkkkkkkkk a√Éxad
neutro,filho febre fica pequenininho
neutro,minh diss febre x8dx8fx8dx8fx8dx8fx8dx8fx8dx8fx8dx8fx8dx8f
neutro,febre chorar
negativo,absurdo filas espera m√Édicos queimando febre lugar hora httpstcoUF9nQFmaqN
negativo,Segunda febre odioooor
negativo,febre inferno odio
neutro,HAHAHA √¢x9d¬∏x8fnconsigo ouvir tosse daqui
neutro,contando tomei querosene a√Éucar curar tosse fessor ficando preocupadoKKKKKKKKKKKKnnN√¢ httpstcohHiJBoD3IQ
negativo,algu√Ém adoece m√Édico imediatamente medicado pessoa febre tosse httpstcoj0fdpZwr1J
neutro,tosse fumante passa nunca
neutro,√Étimo puta crise tosse al√Érgica causa mudan√Éas tempo covid
neutro,febre tosse vezes assustam
neutro,Acordei tosse aqui irm√Éo deixou cabelos assustado
negativo,kkkk tosse chata Cara√Éxad Sa√Éxad nada nessa porra pare√Éo cachorro doente
neutro,crise tosse putaqpariu
negativo,porra tosse tirou dormi merda nenhuma
negativo,COVID acabando gente Franciel queimando febre explodindo tanta Conrado√¢ httpstcowzgXNyGloE
neutro,falando irm√É tosse pouco seca nnnojento menos covid
negativo,Hello√É tosse crlh saco
neutro,completo semana afastamento conta covid Acordei suando tosse vomito medo pior httpstcoxwLpqZqtAL
negativo,hoje tosse comum aguento
negativo,tosse
negativo,deus √Édio tosse
neutro,irm√Éo chega m√Édico tosse cachorro KKKKK m√Édio aguentou come√Éou kkkkkkkkkkkkkkk
neutro,Mirela tosse seca Coitada
neutro,aguento tosse velho
neutro,ninha fessora matem√Ética crise tosse minnnta covid porra
negativo,tosse desgra√Éada parece cuspir pulm√Éo cara locura
neutro,tosse chata
neutro,tanta tosse rouca
neutro,tosse chata
neutro,tosse chataa
negativo,Tosse dem√Énio
neutro,Nunca pensei ficaria doente febre conta ansiedade
neutro,Pegou COVID febre
negativo,Imaginem entres queridos sendo jogado vala comum gado quando√¢ httpstcoyBBitnMPXE
negativo,passar del√Éxadrio noite febre assim superar tombo
negativo,trabalha filha pouco febre menina toma conta disse ela√¢ httpstcoMpyV3ikFsX
positivo,lindona nEstou febre nObrigada
negativo,febre tosse vezes assustam
negativo,Acordei febre gripe fodidaque √Édio
negativo,gargantade febre fraqueza merda essaxad
negativo,febre baixa nunca deixa ruim
negativo,chorando filha reclamando febre fica pequenininho
negativo,Mano nunca tanto medo febre
positivo,passou madrugada toda vendo febre companheira √¢x9d¬∏x8f√¢x9d¬∏x8f
positivo,ohmds postei negocio febre emille mandou coisas ajudam melhorar nunca httpstco0DInmkFfNZ
neutro,fiquei febre tanto chorar assim
neutro,febre tanto chorei kkkjj
negativo,graus tremendo frio nada tava febre estado fabril agora surto√¢ httpstcoQVjYLDefag
neutro,c√Élica febre
positivo,ade√Éo Deus veio sintomas fortes merda COVID somente tosse boca esmago√¢ httpstcoplMlRXWaOp
negativo,febre triste x8d¬∑
neutro,febre odeio ficar assim
negativo,queimando febre nmaravilha
negativo,triste querendo morte febre
neutro,lais falando gostar ficar febre√Ç¬ø doente
neutro,come√Éou febre
neutro,deus febre
neutro,porra bixo dando febre
neutro,diria pesco√Éo foda iria render dois dias febre
negativo,Saiu casa buscar outros tava passando comu dipirona febre
negativo,febre novo merda
neutro,febre
negativo,Toda noite fico olhos sensa√É√Éo febre aguento
neutro,corporesfriada febre Jesus
neutro,Kkkkkk preconceito velhinha tosse
neutro,pessoas tentando alertar sobre preven√É√Éo covid19 ficando ansiosa Culpa Milena httpstcon0Vf9BalYv
negativo,merda comendo for√Éa √Édio tosse piora
negativo,sincera piorando antes tava tosse agora
neutro,tosse estranha medo voc√És afastarem mim√¢x9d kkkkkkkkkkkkkkkkkkkkkk
negativo,raiva dessas crises tosse noturnas
negativo,chegar hora dormir tosse come√Éa
negativo,Caralho nada tosse fuder quarto parece jogam terra nele todo
negativo,caralho tosse al√Érgica desgracias
negativo,tosse mandada mano doido
neutro,tosse corpo febre gente Serasse covid xad¬Ø
negativo,dizendo quer leve atestado f√Ébrica levar merda nenhuma fil√¢ httpstcoER9FqmRhHe
neutro,tosse
negativo,Foda tosse httpstcoQILM9GmaFD
negativo,GENTE XAROPE TOSSE HORR√Éx8dVEL DEUS √ÉDIOOOOOOOOOOO
negativo,coroa mandou Biel subir aqui fumando foda preciso desfocar tosse pouco garganta
negativo,Mdssssss tosse nunca louco
negativo,aguento tosse
neutro,tosse chata nCorona favor aqui
negativo,Poha tosse manooooooo aguento maaaiiiiiisssss aaaaaaaaaaa
neutro,bastasse espirrar toda hora tosse voltou deus
negativo,Todo noite tosse infernal
neutro,Tosse seca pior tosse discorda morre
negativo,compreendo anjinho gente acostuma dentro aperta falta httpstcolUF9RhtxXq
negativo,Ansiedade frescura falta Deus doen√Éa falta p√Énico tremedeira alucina√É√Éo httpstco2L8p3zDGt3
negativo,tendo gatilho hospital camas hospital gente falta gente morrendo tudo httpstcoGwPQ39BMd4
negativo,horas ansiedade deixa falta parece morrer
negativo,terra dentro Mandetta sacanagem Fique casa sentir√¢ httpstcoFqrtDEKfz2
negativo,falta
negativo,triste carannpior umas infec√É√É¬µes corpo sistema imunol√Égico todo√¢ httpstcoS3yILfezte
neutro,acordei falta novo olha
negativo,Dores doendo falta crises choro httpstcoZXmFDrRowR
neutro,peito leve falta covid du√É√Éo
negativo,ando sentindo muita falta falar acho conhecer deus daqui dias
negativo,seiose falta quero m√Édico Sangue maldito acaba vida httpstcoqvyMRMFb1p
negativo,odeio falta passa nada volta
negativo,falta nada odio
negativo,falta cacete
negativo,falta arao tempo frio suandoum aperto noite
negativo,pais fudendo falta pais preocupados voc√É httpstcoBn0xJ16p90
negativo,falta senhor
neutro,meses esperando cirurgia Sofia hoje bichinha iria operar acorda febre tomara httpstco8XkuzUTvSY
negativo,febre Deus corre aqui
neutro,Beb√É febre
negativo,acordado desde febre fudida
neutro,Bryan febre aqui agarrada vendo desenho
negativo,reuni√Éo sensa√É√Éo estar febre ser√É covid apenas RAIVA
positivo,gra√Éas deus hoje acordei febre tomei rem√Édio ontem acordei melhor marcar fazer teste
neutro,Leonan agarrado sentindo febre direto tadinho
positivo,febre baixou bastante sentindo garganta finalmente
negativo,FEBRE BAIXOU QRIA PRESENCIAL MANO mami academia merda
negativo,passar madrugada inteira febre
neutro,favor febre
negativo,√Édio mano febre garganta doendo acorda fazer caf√É cara sendo pode fazer
neutro,febre Deus
negativo,quase manh√É desespero crian√Éa queimando febre deitada barriga
neutro,Susto gota vindo madrugada febre
neutro,queimando febre posxadvel mano
neutro,febre noite toda Deus ajude
negativo,puta febre literalmente nada fico febre
positivo,bra√Éo vacina febre leve noite nunca fiquei feliz sentir kkkkkknObriga httpstcoX80QBxo5hv
negativo,triste mam√Ée tomou vacina tendo efeitos ruins bichinha passou noite toda tremendo febr√¢ httpstcoUBVY0pQCwU
negativo,horas ansiedade deixa falta parece morrer
negativo,crise ansiedade falta crlho
negativo,acordar falta pior coisa
negativo,caralho todo falta
negativo,odeio falta passa nada volta
negativo,falta nada odio
negativo,falta cacete
negativo,bosta desse tosse dsgcd pa√Éxadsda risada lixo humano merece respeito httpstco86853HjnFb
neutro,acordou tossindo horrores achando tava COVID Desliguei instantaneamente√¢ httpstcoF52GBXN3yV
negativo,semana tosse merda tomar
neutro,Crise tosse nen√Ém hora consigo dormir
negativo,hmmmm del√Éxadcia garganta tosse febre ESPERO MORRA
negativo,tosse chata afff
negativo,inferno tosse junto garganta inflamada
negativo,Rinite tosse deixa dormir nada
negativo,Contra tudo voc√É disse principais coisas feitas chutar voc√É siensia para√¢ httpstcoRv3qdgDMLO
negativo,Fica casa morrer falta Genocida
negativo,Nunca esquecer cure centro medico falta Voc√É contribui indireta√¢ httpstco6pdJN524TF
negativo,Olha vagabundo dizia curar hospital somente caso falta jurava httpstco1xZpKhdJ6H
negativo,seguir tocolo curar ajuda m√Édica falta httpstcojSBBbMCJld
negativo,coragem chamar algu√Ém charlao KkkkkkkkkknCom certeza vacina ser√É melhor httpstcoKxHdM2Qojb
negativo,Voc√É responvel milhares mortes infectados √¢Fique Casa√¢x9d hospital quando√¢ httpstcoMZ5UQIOnhg
negativo,parabenizando ministro orientou pessoas curarem aux√Éxadlio httpstcoQKUzWxwU65
negativo,vamos tentarficar casa esperando sentir falta hospital morrerfico
negativo,ximo aniverrio tocolo genocida Mandetta Fique casa cur√¢ httpstcobfNn61X5Yt
negativo,Dudu sacanagem cara heim febre hospitais campanha ocupa√É√Éo baix√¢ httpstcozZYSZwgUvn
negativo,in√Éxadcio pandemia comprei cookies padaria mordida seguida com√¢ httpstcoytBXryPO3c
negativo,febre dores passar madrugada acordado apenas tentando cochilar causa corpo super quen√¢ httpstcoFgvPTmCvA6
neutro,noite toda queimando febre Agarrado x8fu200¬∏x8f
negativo,acordei febre √ÉDIO
neutro,Acordei Arthur febre nada
positivo,diiiianTo melhor febre dias am√Ém senhornTriste tudo vivendo preocupada httpstcoeVV9FhPduQ
negativo,Cochilei acordei queimando febre senhor aguentar tudo acontecendo nxad
neutro,acho febre aaaaah
negativo,queimado febre
negativo,febre noite toda DEUS queria dormir direto
negativo,febre vezes consigo ficar amamenta√É√Éo nada facil vontade desistir
neutro,Luiz febre desde ter√Éa cara
negativo,aguento todo ficar febre
negativo,Odeio filho febre dois dias seguidos odeio amuadinho choro queria tirar tudo pega
negativo,olha hora febre cara puta pariu toma
negativo,febre chataaaaa
negativo,queimando febre noite toda deus
negativo,virei noite vendo novela enquanto chorava conta febre odeio
neutro,deus falta FESTA muvuca calor suor open cheir√Éo maconha √Édio covid pagaaaa
negativo,ansiedade atacada falta come√Éo tremer serio caralho
negativo,passando lidar coisas lidar humano morrer falta
negativo,vazio grande falta
negativo,fiquei falta tanto chorar
negativo,2020 mandetta mandando ficar casa sentir falta precisar respirador CAR√Éx8 httpstcoQWwe4SypBR
negativo,quantos pasis comeu kkkk ansiosa falta fico medo covid
neutro,dando falta novo noite dormir
negativo,ansiedade p√Énico covidnnP√Énico crise p√Éssima chorei falta tosse pioraramnnAnsieda httpstcolOwJ4tb0vE
negativo,falta matar
neutro,comecei tremer ficar falta nada
neutro,algo fico falta meudeus
neutro,jesus falta
neutro,amiga covid sentindo muita falta Ficamos telefone esperando ambul√Éncia buscar
positivo,falta fudida menos passei vergonha a√Éxad caralho foda
negativo,hospital somente falta Lixo httpstco4uwrpqDGbx
neutro,queimando febre nada
negativo,legal morar respeita isolamento pigarreiatosse casa
neutro,Poxa falar olha acordei tosse seca respirar tiro queda
neutro,agora verdade peguei fraco cansa√Éo tosse agora sentir√¢ httpstcoYuSZcIuAMp
negativo,Medo ouvir tosse medo precisar bando arromb√¢ httpstcoqVw780ZTGr
negativo,tosse seca chata fudida desde
negativo,Bosta tosse caralho
negativo,Cada tosse bate desespero cansada demais desse medo cara
negativo,Caio febre ontem hoje febril noite tosse Jesus morro medo
negativo,Come√Éou tossecoceirannEU AGUENTO MAIIIISSSS
negativo,Mano tosse chata
neutro,Nariz ardendo coriza tosse espirros cara drogada nSou nesse momento rezando covid novo
neutro,tosse miseric√Érdia
negativo,tosse infenro
neutro,tosse eita porr
neutro,tosse estranha espirrando Medo
neutro,Tosse capeta
negativo,consigo parar chorar falta
negativo,falta peito quero chorar
negativo,covid preocupa tanto fico pavor falta outros sentem toda vida questionando√¢ httpstcoNv8CR3GIOw
negativo,sentimento ruim ang√Éstia caralho falta
neutro,posso malhar corona tendo sintomas kkkkkkk a√Éxad falta httpstcoOQ8porlfX7
negativo,Hora porra falta
negativo,aguento crises falta peito
negativo,madrugada enquanto dormindo tranquilos chorando falta
negativo,aguento falta
neutro,falta
negativo,falta CARALHO
negativo,falta inferno
negativo,falta krlh
neutro,falta peito
negativo,Sentindo falta vtmnc
positivo,crise tosse al√Érgica hora levantou nada rem√Édio narural demais
negativo,tosse al√Érgica saco povo acha covid
neutro,tosse seca deve falta l√Éxadquido
negativo,tosse capta Deus quero dormir
neutro,Apareceu tosse seca
negativo,agora dormir crise tosse desgra√Éadaa
neutro,respira√É√Éo oscilando corpo veio calafrio leve tosse garganta estranha apenas pedindo morr
negativo,tosse deixa beb√É dormi
negativo,queria dormir tosse impede
neutro,chegou trouxe crise tosse espero tomou chuva hoje
negativo,tosse chata crlh
neutro,vendo raiar acordada ainda bichinho tosse
negativo,medo tosse
negativo,Tosse chata
negativo,Tosse
negativo,Tosse maldita
negativo,Tudo envolve mulher gravidez Tava conversando dizendo algo errado meu√¢ httpstcoM4qHX1rOwX
neutro,Caraca muita febre
negativo,febre acabou falta desgra√Éa passa
negativo,triste trabalhar deixa filho febre criar filho sozinha f√Écil Deus ajudar
negativo,Gilberto mande tomar voc√É ficou noite toda apoiando medindo febre cuidando pessoa tratando feito lixo
neutro,Pedro acordou enjoadinho febre
neutro,febre esssa passa
negativo,triste demais situa√É√Éo escola quele caso falei √Éxadrrita httpstcorAlT4PxCZe
negativo,tosse Camilla sara n√ÉnMiseric√Érdia
negativo,todo mundo tosse capeta nessa credo
neutro,gente √¢tosse tosse√¢x9d Socorro
neutro,tanto povo tosse nessa casa kkkk BBB21
neutro,tosse atacando nada causa gripe tava
neutro,cara tosse contagiosa geral assim
positivo,agora anjo tosse outros sintomas pesados embora
negativo,dias semana meia tosse garganta inferno
negativo,agora inferno tosse faltava
negativo,cansada entupir rem√Édio tosse precisa acabar
negativo,fico puta algu√Ém ESTUDOU MEDICINA recomenda rem√Édio vezes outro httpstcowbiMJMAgDT
negativo,anos corpo muita tosse garganta doendo agora come√Éou falta con√¢ httpstcormPNNTI5Wc
positivo,fofinha chegou acordou tomar melhorar tosse melhor
neutro,tosse cachorro
positivo,Relario covid isolamento coloquei serie comecei livro receitas reinventando pra√¢ httpstco7xUM8uCZiY
negativo,febre tosse cansa√Éo dores corpo perda paladar teste infelizmente covid19
negativo,tosse inferno
negativo,arrependo amargamente pegue toda falta volta pufavo imploro
negativo,falta mata√¢x9d EKKSKSKSKW guria casinha
negativo,assiste v√Éxaddeo reportagem sente nenhum pouco √Édio presidente governo M√Éx8dNI√¢ httpstcokmpD0hpJO6
negativo,momento voc√É falta nada doen√Éa√É dentro sabe Vontade chorarsumir nada
negativo,psicol√Égico foda Tava vendo maria fanstico sobre covid comecei ficar ansiosa√¢ httpstcowQUaVqvlrt
negativo,pior crise ansiedade falta senhor
negativo,falta vontade chorar causa ansiedade sensa√É√Éo algo ruim acontecer
negativo,Mandeta Ningu√Ém esqueceu recomenda√É√Éo pessoas curassem hospital esti√¢ httpstcohVLpAdEUWF
negativo,Acrescento GENOCIDA nega tratamento ainda fique casa sentir falta
negativo,Amiga passou manha falta atendida resistiu Infartou
negativo,a√Éxad deus acho falta
negativo,elogiou risada parece atropelado falta
negativo,falta desespero tristeza raiva frustra√É√Éo depreso denimo vontade qu√Éxadmica tristeza solio httpstco757lnanf4y
negativo,Falta caralho
negativo,falta ¬¨¬Ø¬Ø¬®
negativo,falar onde tirar for√Éa viver semana desabei chorando falta httpstco9OLt4QLJMg
negativo,pior vida tanta falta achei morrer
neutro,mano falando RECEPCIONISTA doutor falta sabe√¢x9d meudeus
negativo,covid sentindo muita falta ficar casa vaga nenhum hospital totalmente desesperador
negativo,aperto falta arum desesperopensei nunca crises
negativo,falta desgra√Éada
positivo,melhorou Investiga febre sinal alguma coisa errada
neutro,lida febre 38√ÇC KKKKKKKKKKKK
negativo,febre sinceramente aguentar mano quero chorar puta pariu
neutro,Febre embora
negativo,frio febre gostoso literalmente morrer
negativo,Kevin queimando febre Deus precisa muita for√Éa aguento filho assim
negativo,frio caralho acho febre Preciso banheiro disse consigo sair debaixo cobertas
negativo,Saiu casa chego casa pouco febre tremendo todo nnnto agora fudeu
negativo,febre acabando
negativo,conseguindo levantar cama queimando febre odiooooookoooo
negativo,febre fudida
neutro,falarser filhos imunidade baixa foda qualquer coisinha ficam doente thalle√¢ httpstcomlfff6f2Hf
negativo,colega trabalho loja bado conjuntiviteapareceu manh√É tamb√Ém convidado httpstcoikr49O2DrO
negativo,china culpa assim Brasil httpstcoXTx8dQxY2W
