Paul Ekman,Tweets Limpos
tristeza,febre lucas abaixa quer comer surtando preocupa√É√Éo
tristeza,acordei garganta pouco febre SABE
tristeza,Super daora passar manh√É chorando falta ainda errar pessoasnnNunca consigo nada direito
tristeza,dito publicamente governador quis fazer inclusive lockdown isolamento r√Éxadgido convenci httpstcod2jGKEfrRj
tristeza,vezes duvido capacidade pessoas entenderem doen√Éanndepois contato tia√¢ httpstcosJJwLLNTEW
tristeza,aguento queria descansar dois segundos menos falta amenizada httpstcoz6h6AYGE4Y
tristeza,consigo comer tanta falta
tristeza,racionalizar coisas tempo todo taquicardia tremedeira falta vontade chorar
tristeza,falta
raiva,Cara poderia explicar httpstcoHzv5tYYATl
tristeza,aguento queria descansar dois segundos menos falta amenizada httpstcoz6h6AYGE4Y
tristeza,consigo comer tanta falta
surpresa,falta
raiva,haviam levar durante anos saberem tosse
medo,Carai galera cada tosse traumatizada pandemia surtar isolada
nojo,Crian√ßas virginiano pavor bact√©rias devo avisar diferen√ßa tosse espirro pode‚Ä¶ httpstco5iCfmW8I1m
tristeza,Fico lendo tweets fico rolando tela Facebook leio coment√°rios especialistas tudo automaticamente‚Ä¶ httpstcoiGr37qszCb
raiva,feito quis tomar banho agora agora crise tosse parab√©ns burra
raiva,pode renite alergia engasgarqualquer tosse algu√©m olhando ruim gente httpstco3uMtQUmSNA
tristeza,hoje c√≥lica tosse l√°grimas trabalhemos
tristeza,sintomas tosse garganta inflamada sente cheiro gosto nada Infe‚Ä¶ httpstcoZESeMw1FZA
felicidade,Covid tratou boldo alho a√ßafr√£‚Ä¶ httpstcozagD6uTkWQ
tristeza,garganta inflamada tosse febre dias dores corpo
raiva,Afff tanta tosse
tristeza,tosse normal
tristeza,Crise tosse hora
raiva,Detesto crise tosse hora errada m√°scara pior ainda
raiva,nada crise tosse
tristeza,tosse cachorro ataca dormir
raiva,tosse passa
tristeza,Tosse acabado
raiva,tosse fudendo
raiva,tosse insuport√°vel dias ü§¶üèªu200d
raiva,queria fazer brabos tosse DESGRA√áADA parecendo tiazinhas esqu‚Ä¶ httpstcoUualKpnYNg
raiva,Gente coisas nessa cidade surreais Comecei passar segunda tardezinha febre dores genera‚Ä¶ httpstco70YW1NQPi1
tristeza,tosse Deus U0001f97a
surpresa,deus sintomas covid menos tosse agora
raiva,dormi nada noite tosse levantei estressada
raiva,dormir tosse
raiva,tosse infernalU0001f97aU0001f97a
tristeza,tosse al√©rgica chata
medo,tempo virar fiquei tosse seca agora
medo,Thalles acordou tosse secaü§ß
raiva,tosse insuport√°velü§¶üèªu200d
raiva,tomei rem√©dio dormir nada acordei tosse caralho conseguir respirar akguem explica brisa
raiva,Tosse chata
raiva,tosse chata
raiva,Tosse
medo,Tosse seca incessante respira√ß√£o pesada paranoia caralho ins√¥nia chegou hora
felicidade,peguei covid janeiro curei xarope corticoide Paracetamol 750mgnHoje esto‚Ä¶ httpstco1m1dqsSXEF
surpresa,primeiro aula experimental Aqui Fortal febre
tristeza,irm√Éo febre emocional queria
tristeza,febre pressao baixa sabe aguentando
tristeza,Acordei febre √Édio
tristeza,desculpa acordei sentindo sinto febre
felicidade,menos febre
tristeza,muita febre come√Éa affs
felicidade,acordou febre doooor‚Äû
medo,trabalhar nessa chuva moto pelando febre
surpresa,febre
felicidade,ouvi aferir febre pistolada ahaha
tristeza,Talvez fico enfermeira falou ficar febre
tristeza,desde achando clima friozinho seco sera febre
raiva,√Étimo acordou 383√Ç febre ap√És crise frio tremedeira madrugada
raiva,cidades pessoas querem vacinar vacina Aqui onde moro existe cultura neg√¢ httpstcoQiMqmgy84O
tristeza,Olha subestimei rea√É√Éo vacinalnDor bra√Éo piorou holocraniana conxadnua desconforto abdo√¢ httpstcoUH96lDbezu
felicidade,Todo mundo fuma tosse gnomo espirra gasta onda kkkkkkkkkkkkkkkkkkkkkkkkk
surpresa,ontem crise tosse madrugada socorro
tristeza,tentei espirrar dentro agora tosse
raiva,Final gravidez posi√É√Éo dormi falta coluna outras coisas
tristeza,Sabe socos esmago chega deixa falta nunca consegui respirar
tristeza,barulho espec√Éxadfico despertador Iphone lembra fase ruim toda dispara celular httpstcoRYDB4mTttk
tristeza,triste tava andando veio senhora parecia precisar ajuda pergun√¢ httpstcogF7cGmONly
tristeza,tanto medo perder outra pessoa pensar falta ansiedade bate hora
felicidade,Mandetta deveria responsabilizado mortes primeira ondapois crime ele√¢ httpstcoewekZ6AUPk
raiva,Falta caralho
felicidade,mesma ade√Éo cloroquina rem√Édio indicado presidente teri√¢ httpstcoRJYJ6HT0Bp
felicidade,obgg medicando casa gripe esperar muita falta httpstcoaCAdxhNTPR
surpresa,caralho falta
medo,manh√É cedo falta ansiedade calma a√Éxad
nojo,nada falta
tristeza,Falta foda
medo,covid nunca tanta falta assim nada
surpresa,senhora falta
tristeza,√Énico invento dormir tarde acordar cedo causa falta olha sinceramente
tristeza,comecei sentir falta viajar doente pausa
tristeza,peito ifalta consigo dormireu queria pesadelo acabasse
medo,puts mano medo morrer falta
raiva,Andreia sabe alergia clorofina encheu lou√Éas merda falta httpstcoZpulem3DTR
medo,pontinha Manaus passando assim fiquei choquevi monte gente gritando√¢ httpstcoiDJ32P8Lj0
tristeza,lembro parte chorei tanto tanto fiquei falta nunca superar rela√¢ httpstco6cwWv6wjPW
tristeza,xadxadxadxad Vivi algo assim semana disncia Luca chamou pedindo √¢Fazer Jesus√¢x9d mofo√¢ httpstco6pFCSi8V0z
raiva,todo mundo morreu falta culpa
raiva,disse falta passar r√Éveillon praia √¢fervo√¢x9d falta voc√¢ httpstcoiL0pVM7j8C
raiva,FALTA RESPEITO PEDRO Tudo votar Nen√É peido ambulante poluir bbtvi
tristeza,gosto coceira alergia falta pulso entrar lojas infelizmente
tristeza,Toda Qboa limpar casa fico falta consigo deixar usar
felicidade,Toda coloco m√Éscara fico falta KKKKKKKKKKKKKK
raiva,vsfd m√Éscara covid falta saio assim
raiva,falta chata essau200‚Äö¬∏x8fnSextaDetremuraSDV
medo,fico toda torta falta condi√É√É¬µes
medo,ruim fiquei falta lembrar kkkkkkkk
medo,todo aperto peito falta formigamento suando frio httpstconcyyvx40B2
felicidade,√¢meo falta ar√¢x9d n√¢respira uai√¢x9d nnKKKKKKKKKKKKKKKKKKKKKKKKKKKKKKKKKKKKKKKKKKKKK DORINHA
felicidade,calma asma fotos deixaram falta
felicidade,‚Äö‚Äö‚Äö‚Äö Fique casa sentirem falta
raiva,falta competencia genera incompetencia nhttpstcoN9WG9jjWln v√Éxada
raiva,mono orio fica casa embebedando CloroquinaazitromicinaIvermectina falando httpstcoV7nawT4wrw
tristeza,meses atr√És falei pais tava sentindo falta hoje interessaram saber sinto
tristeza,Morreu aluno dentro sala aula tradicionais col√Égio Teresina Senti falta dificuldade
medo,falta legal
tristeza,cansa deitada falta foda
medo,muita falta ser√É morrerx8d
tristeza,falta novo
felicidade,esposa onze fam√Éxadlia conhecidos todos tratados casa httpstcoWghBGbyW4U
raiva,falta
medo,Peguei COVID √Énicos sintomas desesperadamente falta perca paladar httpstcoj6zXGH8T6H
medo,prima tomou vacina rea√É√Éo desde ter√Éa diarr√Éia febre alxadssima falta
raiva,bebendo consigo fica fumar a√Éxad tosse maldita peg√É u200¬∏x8fu200¬∏x8f
medo,Deus amado teja √Énibus tosse todo lado
raiva,velha vergonha devia presa espero conhe√Éa algum filhinha estuhttpstcozXHpBVLdR6
felicidade,toda chego perto tosse imitar saco KKKKKKKKKKK
medo,crise tosse meio medo linchada
raiva,coff coff cofftosse tuberculosa velho
raiva,homem Juro dev√Éxadamos juntar assinaturas tosse
surpresa,algu√Ém tuberculose dentro quanta tosse bbb21
felicidade,Digo passando fase suavennFiquei sinto√¢ httpstcoZdnBcUNKUA
felicidade,tosse parecendo cavalo garrotilho kkkkkkkkkkkk
tristeza,tosse chata x8fu200¬∏x8f
raiva,tosse entupindo xarope passa nada
tristeza,rem√Édio curando tosse
felicidade,Acho peguei domingo tosse febre baixa oxigena√É√Éo agora sentindo
tristeza,Super cansadacom peitocalafriostosseespirroenfim covid literalmente
medo,ataque tosse engasgouse v√Éla parecia morta consigo parar tremer
tristeza,Levei Mariana pediatra antes tempo porque super preocupada tosse para√¢ httpstcoOUgzCwSEfM
raiva,acordei tosse desgra√Éada
tristeza,dias tosse
felicidade,Ahsuahduahdhshshshsmsocnsgkndkzncjsjxmskz tosse cachorro ahsushshshdhsmvksmskndos httpstcoQjQcc7iytR
tristeza,tosse chata matando
tristeza,fatto passato pomeriggio infernonon voce tosse treguaO fato passei tarde inferno tosse tr√©gua
raiva,Tosse chata crlh toda fazer nebuliza√É√Éo sacou200¬∏x8f
tristeza,febre voltou U0001f97a
raiva,porra febre voltanu
raiva,√Étimo acordou febre toda fudida
raiva,Acordei febre
raiva,Ainda pouco falta febre durante √Éltimas horas tentativa comunoglobalis httpstcoc0oEv3IP2a
tristeza,febre triste‚Äö
felicidade,febre menos hipotermia
medo,acordei febre morrer
medo,ando doendo nada febre xadnJuro queria descobrir estuda favor
raiva,Febre faltava
tristeza,febre insistente
medo,Deus acho febre
tristeza,boca toda estourada causa febre
tristeza,acredito ficando febre
felicidade,febre menos am√Ém
tristeza,Ontem abriu conta descaso samu ligaram umas perguntando precisava httpstcouRnBL8aeaE
felicidade,Pior ainda ainda dolorida frio felizmente febre
medo,favor febre novo
tristeza,passando abe√Éa garganta fechada corpo cheia febre olho bebendo cervejinha desisto x8fu200¬∏x8f
tristeza,matheus queimando febre assim parte
tristeza,Viria toda molinha tava febre
felicidade,melhor sensa√ß√£o costela falta todo mundo kkkk Lembra Junin‚Ä¶ httpstcoCWHdEwKFiX
medo,falta thalia fa√ßa algo
tristeza,tava exatamente assim come√ßo semana tava conseguindo assistir sentia falta vontade chorar
tristeza,tadinho falta vendo
medo,tomar cuidado posta exemplo quase morri falta
raiva,dizendo lota√ß√£o m√°xima est√°dio causa pandemiann nnCORTA EST√ÅDIO LOTADO PELAMOR FALTA
felicidade,REMEDIO PODE CAUSARnOBESIDADEnDEPRESOnDIFICULDADE DORMIRnFALTA KKKKKKKKKKKKKKKKKKKKKKKKKKKKKKKKKKKKKKKKKKKK
medo,falta sentido surreal Socorro
medo,nada comecei sentir falta veio
surpresa,nada fico falta issooo
surpresa,indo hospital falta m√©diconEno filha neg√≥cio falta quase morri‚Ä¶ httpstcoTSB9MIEnyP
tristeza,Falta
medo,cora√ß√£o acelerado falta conseguir ficar quieta tudo voltar aula presencial amanh√£ socorro
tristeza,falta voltou httpstcoFvpoEspYd9
surpresa,chego fico falta
tristeza,Orem sentido crises ansiedade falta palpita√ß√µes Solio dores pulm√£o Ap√≥s Gra‚Ä¶ httpstcorJP9yvPV8s
tristeza,Pegar covid gravidez pior fase gravidez andar bombinha agora cima baixo httpstcoky8XhLnTrO
tristeza,Psicol√≥gico merdaombro machucadofalta ardor cabe√ßaacho preciso
tristeza,falta insuport√°vel
tristeza,sentindo preso peito falta parece morrer Preciso urgente tratar ansiedade
tristeza,falta crlüò©
raiva,Pois engasgue crise tosse
raiva,√≥dio sempre direcionado predsin pernas tosse
felicidade,Lembrando agora ataque tosse todos quarto kkkkk
tristeza,tosse cachorro fiel passou final semana todinho üôÖüèºu200düò∑ü§¶üèºu200d
tristeza,tosse matando
raiva,Inferno tosse
tristeza,tosse passa nada
surpresa,tosse parece idoso mano
raiva,tosse caralho bicho garganta
raiva,tosse desgra√ßada
raiva,tosse caralho deve efeito saudade delekkkkkkkkkkk
tristeza,rabiola cansa√ßo fudido sono eterno tosse cachorro
medo,Tomei vitaminaC tosse passa friagem geiziane
raiva,Tosse chata
raiva,tosse chata caralho abd√¥men doendo tanto tossir
medo,Tosse seca dores corposem zoas MEDO estar Covid19
medo,Tosse garganta espirrando todo cabe√ßa corpo d√∫vida COVID
felicidade,fazer receita parar tosse engoli a√ßafr√£o KKKKKKKKKKKKKK
medo,primeiro aula ensino m√©dio vejo gente idade tanto tempo imaginar httpstco3YjwuIKbpU
tristeza,asm√°tico √∫ltimas semanas precisei passar horas m√°scara dias acima‚Ä¶ httpstcofAjJ1iFWzp
tristeza,pior coisa existe vida doen√ßa respirat√≥ria cr√¥nica tudo atacado consigo subir‚Ä¶ httpstcow8NIUtOfFc
raiva,Final gravidez horr√≠vel falta caralho hora dessaaaaaaa
medo,Lembro pesadelo morri ataque card√≠aco umas falta aperto httpstcoDhhOruMz42
tristeza,Acordei forte peito muita falta achei morrerüò•üò≠
felicidade,Cansada destru√≠da Thomaz dormiu noite inteira tossir falta
raiva,muita falta httpstco2uZJyfLiBi
raiva,falta caralho
raiva,falta fudeeee maluco
raiva,Falta
surpresa,Falta nada Ainda suave nada Pensa trem estranho mo√ßo
raiva,Falta filha puta dorme assim
raiva,Falta sentindo foda caralho
tristeza,Massa conseguir dormir falta
medo,Deus falta sensa√ß√£o horr√≠vel imaginar chego tremer
tristeza,peito falta desespero vontade chorar
tristeza,noite p√©ssima pensei morrer falta arüò£üò£üòü
raiva,agora todo falta caralho
tristeza,passo tempo falta respirando normal vejo hora cansar desistir
tristeza,falta constante Deus
raiva,falta sempre desespero qodio
raiva,√≥timo acordei manh√£ agora sofrendo falta tomar
raiva,falta caralho
tristeza,falta deus
tristeza,falta
tristeza,falta aula ainda come√ßou dwuss
raiva,passando falta inferno
raiva,tudo falta cabe√ßa insuport√°velnto tentando acalmar cora√ß√£o s√©rio httpstcoFT99v97s9h
tristeza,desgra√ßada peito falta v√°vel ansiedade misturada tristeza porque assim httpstcoHrdez82k4Y
felicidade,Ainda tosse Alice diminuiu
raiva,Tosse al√Érgica saco cara
raiva,tosse desgra√Éada
raiva,tosse
surpresa,pooode peguei ventinho madrugada porque dormi descoberta aqui tosse asma falta
raiva,irresponvel total Maluco dias tosse espirrando direto ainda negando tomar√¢ httpstco4whjoMv
surpresa,Paciente tosse cachorro usando spray garganta consulta achando atender
surpresa,consegui convencer doutora fazer resson√Éncia agora Pasme exame tava saindo irregula√¢ httpstcoVC4D0dXw42
felicidade,desde manh√É tosse
surpresa,Verdade fazendo vacinas xarope tosse
raiva,febre avisa conseguisse medir avisaria saco
felicidade,assim aparelho indicou mina tava febre medindo pulso imagine medido lugar certo kkkk
felicidade,escola filha adeo alta turminha outro menino voltaram httpstcoaaWP5HTd8e
raiva,posso sair chuva febre volta odio
raiva,Sempre disse fica zanzando febre indo hospital Muita idiotice
raiva,rinite ataca febre √≥dio
felicidade,Fant√°stico Brenda Apenas porcentagem vacinados talvez sintam febre dor‚Ä¶ httpstco6p2RZqKb0e
felicidade,Alice minoria vacinados caso sentir√° febreou local aplica√ß√£o inc√¥‚Ä¶ httpstcoRdd6ohxMA6
tristeza,come√ßando ficar febreüòü
tristeza,indo trabalhar febreüòëüòë
raiva,nesse inferno desde 08h30 manh√£ amor deus aguento febre
tristeza,muita costasfebre cabe√ßa
tristeza,febre aguentando namoral
tristeza,Acho ficando febre ningu√©m mereceü§¶üèΩu200d
raiva,Acordei febre
tristeza,Bernardo queimando febre Deus
raiva,acho febre
raiva,febre mandada amea√ßando
tristeza,Elo√° acordou febre
raiva,febre fica indo voltando aguento
tristeza,queimando febre aqui trabalho ü§¶üèªu200düò≠üò≠
raiva,lembro chegar casa queimando febre tomar chuva desgra√ßada morrendo enxaqueca httpstcophOeclXsCI
tristeza,Febre garganta inflamada foda
raiva,acordo cabe√ßa febre odeio ficar resfriada
raiva,amigo entrada hospital febre falta pulm√µes commetidos int‚Ä¶ httpstcoYBGULntUAN
medo,tomo semana segunda dose medo febre garganta inflamar novo ü§¶üèºu200dü§¶üèºu200d alguma rea√ß√£o
raiva,rinite ataca febre √≥dio
tristeza,muita costasfebre cabe√ßa
tristeza,Febre garganta inflamada foda
tristeza,Febre Deus febre plena segunda porque
tristeza,nen√™ cheio febre agarrando pedindo trabalhar ficar peninha
raiva,dinibuir febre pode escola thai serio odio
felicidade,porra rindo disso igual cachorro tosse
felicidade,fumar tomar parar tosse verdadeiro equil√Éxadbrio
raiva,Tosse al√Érgica saco cara
tristeza,surto nariz querendo entupir umas tosse estranha
tristeza,pooode peguei ventinho madrugada porque dormi descoberta aqui tosse asma falta
surpresa,outro ouvi tosse zoei covid realmente infectado
tristeza,tosse
tristeza,costas quadril tosse segunda feira
felicidade,Ainda tosse Alice diminuiu
surpresa,Paciente tosse cachorro usando spray garganta consulta achando atender
felicidade,desde manh√É tosse
raiva,Verdade fazendo vacinas xarope tosse
raiva,tosse desgra√Éada
raiva,tosse
medo,surto nariz querendo entupir umas tosse estranha
medo,acordei desespero falta pulm√É¬µes celebro confuo tudo relaxou√¢ httpstcouH5toptABo
raiva,fico revoltado falta senso pessoas pandemia ainda v√Éxadrus existe voc√É nem√¢ httpstcobjU60jyvLv
raiva,falta Ci√Éncia impondo pessoas usarem m√Éscaras fazerem exerc√Éxadcios academia√¢ httpstcoi8E1Zy7jfR
medo,desencadeei crise ansiedade nesse √Éltimo peito falta inexplic√Ével maihttpstcob9EdjHIfRS
raiva,Ontem passei tanto estresse acordei peito falta
tristeza,voltei segundaal√Ém cansa√Éo fraqueza esfor√Éar fisicamente falta aressa doen√Éa estranha
raiva,horas consultar m√Édico falar tudo normal queria sentindo falta
medo,falta meeeeeu
tristeza,falta sentindo desejo
tristeza,coisa ruim falta peito U0001f972
tristeza,madrugada acordei falta sensa√É√Éo
medo,morrer falta aguentando tanta tamb√Ém
surpresa,mano levantei passos pressao caiu fiquei falta rolou
raiva,conseguindo respirar direito falta constante nariz doendo PORRA desde ontem
medo,acho dormir noite toda acordo falta parece morrendo
raiva,Quase morrendo falta
raiva,√Édio mulher trabalha aqui casa descobriu ontem marido tava covid veio trabalhar hoj√¢ httpstcoCDVh7nwUJt
tristeza,falta vontade vomitar amado
tristeza,falta
medo,sentindo deus falta disse remedio bombannmelhor ficar internada certo
surpresa,Medindo temperatura pulsonN√£√£√£√£√£ooooonJ√° come√ßou errado tocolonPode entrado cria‚Ä¶ httpstco0XndxqaHkz
raiva,coment√°rio deve √°rea sa√∫de m√©dicoEnfim acred‚Ä¶ httpstcof4j8ojuTsm
raiva,vagabunda acorda falando febre tava ontem fodida puta
felicidade,bday come√ßou melhor forma febre matteu passou ganhei cesta caf√© manh√£
medo,sERA FEBRE
tristeza,acontece d√©cadas Jap√£o outros pa√≠ses asi√°ticosnGostaria sociedade assim evolu√≠s‚Ä¶ httpstco8u1JQIcWYr
nojo,jeitinho brasileiro burlar tocolo pandemia term√¥metros descalibrados √°reas perif√©ricas httpstcoqceCXj4bbL
raiva,Acordei doente disposta febre herpes paci√™ncia repito paci√™ncia
tristeza,ansidade pior muita febre vomito
tristeza,capacidade adoecer causa emocional merda qualquer coisinha febre
surpresa,enquanto avi√£o febre tosse coriza espirros dificuldade respirar cure atendiment‚Ä¶ httpstcou0NvMRTf0c
raiva,manh√£neu acordei todo fudido cabe√ßa febre porra pede ligar camera
felicidade,aqui febre teima passar resto relativamente
medo,Acho pegado juntas febre
medo,Acordei pouca Maria Lu√≠za pelando febre Jesus
raiva,acordei melhor crente tava febre ainda
raiva,Acordei febre üò§ü§¶u200d
surpresa,brincadeira febre mesmoU0001f9cdu200d‚ôÇÔ∏è
tristeza,sono febre querendo
tristeza,cabe√ßa febre novamente ü§¶üèΩu200d
tristeza,febre passa
tristeza,febre foda
felicidade,semana todo madrugada manh√£ antes sair febre kkkkkkk U0001f970U0001f970U0001f970
tristeza,aqui postao bonja Rennan tadinho ardendo febre
raiva,passando febre cara querendo encontronnPqp no√ß√£o pregui√ßa responder trem desses
surpresa,mano acordei rosto vermelho sentindo muuuito quente peguei term√¥metro tava httpstcopGdjYVoqkd
raiva,pensa noite dormida inferno passei noite febre suando espirrando conseguir respirar httpstcolFe3Am2pQh
tristeza,Pior febre novo conseguir viajar
raiva,Porra caralho pe√ßo Unimed fumar manda esperar tanto Detalhe febre
raiva,febre infernoooo
tristeza,Quase febre resfriado
raiva,macumba pe√ßo desfa√ßa favor dormir acordo febre garganta absurdo PORRA
tristeza,febre dormi NADA aguento
medo,febre ontem hoje acordei muita corpo disse oxigena√ß√£o noite tava ruim meu‚Ä¶ httpstcobcWroKajaV
raiva,Tmnc cheio febre odio
tristeza,conhecer algu√©m bichada cabe√ßa explodindo febre corpo segunda dose httpstcovcetnOtpu0
tristeza,tomar banho gelado estando febre ruimm √°gua corpoüò´
tristeza,Trabalhar febre triste
surpresa,outro acordo febre
raiva,veio febre agora √≥dio mano
raiva,vsfd febre
felicidade,aqui febre teima passar resto relativamente
tristeza,Acho pegado juntas febre
tristeza,brincadeira febre mesmoU0001f9cdu200d‚ôÇÔ∏è
tristeza,sono febre querendo
tristeza,febre novo nada quarta
tristeza,20min hospital senti febre tosse seca deus pode psicol√≥gico httpstcoxs0bHA4UEb
tristeza,aqui postao bonja Rennan tadinho ardendo febre
felicidade,tava queimando febre nesse anivers√°rio amiga assim KKKKKKKKKKKK httpstcoK2EYTB3I2e
raiva,pensa noite dormida inferno passei noite febre suando espirrando conseguir respirar httpstcolFe3Am2pQh
tristeza,Quase febre resfriado
tristeza,febre bra√ßo obrigado anti tenica
tristeza,blema ansiedade ficar ansioso precisa dormir dormir ansioso restan‚Ä¶ httpstcoEreGkTUP2Y
raiva,foder tempo crise ansiedade literalmente totalmente desarmado‚Ä¶ httpstcoYQwnOCbwyU
tristeza,falta sentindo desejo
surpresa,morri aqui falta
medo,Acordei puta falta sentindo ansioso menos tava risos corona
surpresa,acordei susto falta
raiva,gente √≥dio desse corona v√≠rus maldito fechar tempo fico sentindo peito pesado respiran‚Ä¶ httpstco9oTfwxQZNh
raiva,Cinco meia manh√£ ponto esperando √¥nibus trabalharme segurando chorar falta filha puta
tristeza,madrugada acordei falta sensa√ß√£o horr√≠vel
tristeza,peito falta
tristeza,falta foda parece fechado crlho arrependido
tristeza,morrer falta aguentando tanta cabe√ßa
medo,deus desespero falta deus
tristeza,coisa ruim falta peito U0001f972
raiva,Quase morrendo falta
tristeza,falta vontade vomitar amado
medo,Hoje sa√Éxad casa n√ÉnPrimeira anontima desde mar√Éo nFui podia httpstcoq4WUHIGpCp
medo,Aiii doen√Éas escola assustamme pediatra avisoume preparese httpstcox6n5b6kWZW
felicidade,explicando ch√Ézinho tosse kkkkk
raiva,tosse covid Nunca gritou al√Ém normal ponto httpstcodWD5R2ZayN
raiva,reportagem tosca m√Éscaras COVID eficientes impedir v√Éxadrus quase nenhuma httpstco2krSm32Hgl
felicidade,ap√És Covid momento tosse ainda incomoda tirando Acho novo novo Soli Gloria
raiva,tosse carai
raiva,INFERNO TOSSE DEUS C√É‚Ä∞U √ÉDIO
raiva,pessoas achar COVID nada demais Hoje beb√É mesehttpstcojXzpxqG6OS
tristeza,tosse insuporvel aguento maisnhttpstcoLWdVxrgpL6
raiva,tosse seca coceira garganta irritando demais
felicidade,crise tosse farm√Écia kkkkkkk √Édio
tristeza,simplesmente aguento situa√É√Éo atualnFebre cimanSuar litronTosse rasgando tudonFalar√¢ httpstcoZL0sNjVrRH
felicidade,tava catarro etalndai inventei corretivoliquid paper passou tosse catarroKKKKKKKKK
raiva,deus mano tosse
tristeza,tosse peito doendo nunca
raiva,muita tosse odioooo httpstco2ctf4E2fzP
raiva,garganta doendo nariz escorrendo entupido tossenalgu√Ém vacina amor deus
felicidade,tomando xarope tosse vontade tomar vidro inteiro xarope delicia
tristeza,tossindo dias tosse nada acontecendo
raiva,tosse infernal
felicidade,meio tosse covid finalmente passou dem√Énio derrotado
raiva,vontade morrer causa tosse puta pariu infeeeeeerno
raiva,Tosse chata U0001f92c
felicidade,Primeiro caso COVID olha risada misturada tosse kkkkkkkkk
felicidade,Ser√°va tosse morria infec√ß√£o ksksskkk
tristeza,Levas vista passa tosseüòå
raiva,tosse covid Nunca gritou al√©m normal ponto Pert‚Ä¶ httpstcodWD5R2ZayN
nojo,reportagem tosca m√°scaras COVID eficientes impedir v√≠rus quase nenhuma httpstco2krSm32Hgl
raiva,discuti √¥nibus conta m√°scaranE pessoas colocaram fingi tosse algumas‚Ä¶ httpstco54EXhuSeEm
raiva,sistema sa√∫de beleza reclamou qualquer coisa COVID nFaz teste dengue poderia apare‚Ä¶ httpstcoWp2tHfxDWK
felicidade,lembra falou tava pouco tosse falou enfisema hahahahhahaha
raiva,Porra viado demora fiquei quase ainda tosse
tristeza,menina pior melhorei TUDO nariz desentupiu garganta parou doer httpstcoaom2htiyro
raiva,INFERNO TOSSE DEUS √ìDIO
raiva,tosse carai
tristeza,tosse insuport√°vel aguento maisnhttpstcoLWdVxrgpL6
raiva,tosse seca coceira garganta irritando demais
tristeza,tosse estourando garganta forma
tristeza,meses tosse cessa Nesse per√≠odo dois testes covid deram fazer
felicidade,crise tosse farm√°cia kkkkkkk √≥dio
surpresa,foda tempos covid gente fica U0001f92f qualquer falta tosse
raiva,deus mano tosse
medo,garganta doendo nariz escorrendo entupido tossenalgu√©m vacina amor deus
raiva,muita tosse odioooo httpstco2ctf4E2fzP
raiva,tosse infernal
raiva,Tosse chata U0001f92c
felicidade,meio tosse covid finalmente passou dem√≥nio derrotado
raiva,vontade morrer causa tosse puta pariu infeeeeeerno
raiva,Pensem CARALHADA gente MORREU causa desse combo maravilhoso cure ajuda m√©dica‚Ä¶ httpstco9bWR7I0Gsj
raiva,Fique casa sentir falta venha morrer hospitalnIsto crime contra sa√∫de p√∫blica
raiva,Pois primeira suspeita correram comprar Bozo tomaram calad‚Ä¶ httpstco21VULYRMn8
felicidade,menos nini rinite atacada pouco falta viva U0001f929
tristeza,Cada falta sabe
tristeza,falta
tristeza,Falta caralho
tristeza,falta
tristeza,falta grave anemia cachorra vomitando cabe√ßa Deus calma
tristeza,preocupada marido passou falta dias httpstcoPCTI0P7tEy
raiva,sacanagem infeliz covid transmitido jogadores httpstcoMSQRHPnZem
raiva,validade comvante identifica√ß√£o Unidade vacinadorn√â vacinados httpstco2qjmLBCbSB
surpresa,diagnostico amidalite bacteriana semana testes COVID deram al√©m httpstcoWez0OsFNvQ
medo,cabe√ßa corpo meio mole tipo estar sabe febre enquanto httpstco0neWnmwFPk
medo,febre achando morre
tristeza,acordei febre tomara xima dormir morra
tristeza,gente sinceramente aguento corpo febre cabe√ßa
tristeza,nega febre U0001f97aU0001f97aU0001f97aU0001f97aU0001f97a
raiva,Crlh febre inferno
tristeza,corpo febre faltava hoje
tristeza,febre parece morrer
tristeza,Fazia vida febre ruim demais
medo,mainha pode sentir febre fico morta preocupa√ß√£o deus livre filho endoido
raiva,aguento febre volta porra U0001f92c
tristeza,Senhor sono febre cansa√ßo ca√ßar parada
tristeza,febre demora boca estoura todinha
raiva,queimando febre
raiva,imunizadah por√©m terr√≠vel bra√ßo febre √≥dio rea√ß√£o
raiva,nen√©m cheio febre quietinho Vacina fdpüò™
tristeza,ando muita falta socorroüò´
tristeza,Cada falta sabe
felicidade,falar falta p√∫blico engra√ßado povo fica espantado
raiva,falta
tristeza,Falta caralho
raiva,falta caralho
tristeza,falta
raiva,Falta inteiro tmnc
medo,muita falta ultimamente chegou hora
medo,preocupada cara saco dando falta
medo,preocupada marido passou falta dias httpstcoPCTI0P7tEy
tristeza,febre Maria J√∫lia passa ü§¶üèºu200dü§¶üèºu200dü§¶üèºu200dü§¶üèºu200dü§¶üèºu200dü§¶üèºu200dü§¶üèºu200dü§¶üèºu200dü§¶üèºu200dü§¶üèºu200dü§¶üèºu200dü§¶üèºu200d
felicidade,Fiquei doente tava febre tosse ard√™ncia olhos melhorando
tristeza,febre quero chorarrrr
tristeza,bastasse Hellena cama agora febre passou Laura ü§¶üèΩu200d
raiva,crlh fiquei quente sonolenta nada febre doida
tristeza,nada fiquei febre
tristeza,febre veio
tristeza,febre cuidar
raiva,ACREDITO FICAR FEBRE NOVO ACONTECER
tristeza,acredito febre U0001f97aU0001f97a
tristeza,Fazia vida febre ruim demais
tristeza,Henry resolveu febre ü§¶üèΩu200d
raiva,Porra febre passa
tristeza,fechar merda febre cabe√ßa
raiva,febre chata
raiva,odio febre
tristeza,Queimando febreüòì
felicidade,febre hoje garganta segue daquele jeito
felicidade,mandar irm√£ pedir umas instru√ß√µes melhorar febre kkkkkk
tristeza,cheia febre
tristeza,cabe√ßa febre
tristeza,febre
raiva,Toda hora febre volta tmncU0001f92f
raiva,algum souber avisa tosse
raiva,Tosse dentro boca delenAqui resolveu algumas vezes comecei tossir pesado catarro httpstcoYOD9cqArS8
raiva,vontade socar tosse perto m√°scara ENORME nRan√ßo gente no√ß√£o
felicidade,garganta fudida tanto casa hoje kkkkkkkk visse povo todo sobre‚Ä¶ httpstcodbbaMeuCyv
medo,0540 consigo dormir tanta tosse deus matando
raiva,tosse cacete
raiva,Caralho tosse satan√°s jeito nenhum dormi nessa porra
raiva,chego casa ataca maldita tosse
raiva,crise tosse agora s√©rio
tristeza,Crlhou parece neg√≥cio arranhando gargantaran√ßo tosse
tristeza,Funga tosse tosse funga espirra tosse funga aguento
raiva,irm√£o suspeita covid fica andando casa espirra tosse √≥dio quero httpstcoYyampPbtO6
raiva,conseguindo dormir causa tosse gripe amadoo
raiva,foda dormir durmo direito tosse inferno dias desse jeito aguento sinto httpstco5FJBv5D4b6
raiva,tosse chata caralho
raiva,tosse crlh
raiva,tosse c√≥lica CARALHOOOO
raiva,tosse chaaaata
raiva,tosse dormi
raiva,amiga querida Covidsem olfato paladar ctosse marido maldito negacionista‚Ä¶ httpstcoq1Y2YAh3VF
tristeza,coceira garganta danada tosse horr√≠vel
tristeza,vontade enfia tosse
tristeza,pior algu√©m falta principalmente b√°sico hipotese algum‚Ä¶ httpstcoRLE5hMkoGT
tristeza,ansiedade dormir ruim deita tenta dormir foca nervoso falta triste caras
tristeza,toda pensando corona falta ansiedade consumindo
raiva,assassinos CLOROQUINA mata mata ficar esperando V√≠rus comunista‚Äù tomar cont‚Ä¶ httpstcov9ib97M3HR
nojo,Vindo ministro matou v√°rias pessoas Fiquem casa curem hospitais‚Ä¶ httpstcooF2ZCZ8YQi
raiva,Alergia atacada falta chata U0001f92fU0001f92f
tristeza,Queria infelizmente acordei falta ü§¶üèæu200d‚ôÇÔ∏è
tristeza,POSI√á√ÉO DEITARRRRR TUDO FALTA
raiva,acordei cheia falta √≥dio
surpresa,Acordei falta danada ü§¶üèæu200d‚ôÇÔ∏èüòìüò≥
tristeza,coisa sempre ruim final falta jesus
tristeza,falta mata
raiva,falta crlho
raiva,falta fudida
tristeza,ando ultimamente ando passando fisicamente consigo dormir morrendo son‚Ä¶ httpstcokGimYsO4MN
raiva,chorando agora deus falta CARALHO
raiva,Falta caralho
raiva,Falta caralho aguento pprt
raiva,Falta ainda cheiro cigarro
raiva,Falta lixo
raiva,Falta fudida
tristeza,falta parou tentar dormir foda
tristeza,Falta terr√≠vel
tristeza,Falta terr√≠vel
tristeza,hoje dormir sentada falta ü§¶üèªu200d
raiva,saporra falta crlh agora consigo dormir
raiva,consigo dormir nada falta caralho
tristeza,oivavelmente ningu√©m importa hospital s√©rio sentindo falta httpstcoJGxQo9Crlt
raiva,ficando falta odio
raiva,morrendo sufocada falta caralho √≥dio
tristeza,dores cabe√ßa falta consigo dormir fa√ßoüò£
medo,peito insuport√°vel ficando falta
tristeza,falta caralho queria dormindo ang√∫stia U0001f97aU0001f97a
tristeza,morrer falta poss√≠vel
raiva,Caralho tosse satan√°s jeito nenhum dormi nessa porra
raiva,vontade enfia tosse
raiva,DomingoEspetacular assistindo Record apoiar absurdo especialistas dizendo festas clan httpstcoVDITswfEpn
nojo,fico irritada nojo alguem tosseespirra cobrir cara agora finalmente sinto fresca√¢ httpstcozPV6H53MbN
tristeza,febretosse seca resfriadoningu√Ém mere√Ée¬´¬´¬´
felicidade,quero co√Éar garganta sair tosse seca medo achar covid odio
raiva,tosse porra m√Éscara parab√Éns burrice
raiva,crian√Éas chatas caralho gritando igual vagabunda outra tosse fudida deixando noia httpstcomLv3fv7jQA
medo,tosse cachorro porra espero passe
felicidade,esposa falta tosse seca cansa√Éo ponto atendimento minha√¢ httpstcolqFAP9DH4c
tristeza,covid deixou tosse cachorro cara
raiva,Ainda nota alguma tosse pouco expectora√É√Éo nesta equipanMaldito covid19
raiva,tosse dando √Édio
raiva,AGUENTO TOSSE CARAIO DEUS
felicidade,tosse diminuindo felicidade roupa
raiva,tosse caralho
tristeza,crise tosse agora deus horror
felicidade,esclarecer mam√Ée felizmente Covid19 gripezinha tosse httpstco6Yi1jgsbP4
tristeza,sa√Éxad casa binder passar noite passando tosse realmente recomendo
raiva,sentada esperando m√Édico chamar sentou cara cadeira onde aviso grande pedindo httpstcoURzrcB7maP
raiva,tosse passa saco
felicidade,tosse terr√Éxadvel solta bebi pouco kkkkkk
tristeza,Peguei treino 2hrs fiquei merda Falta pegando legal
medo,asma neg√Écio complicado passo todo pensando serase sentindo pouco falta mexi httpstcogG1B2ANIaY
medo,zinho acelerado falta
felicidade,N√Éxadvel super baixo tava falta ansiedade gra√Éas Deus
medo,falta tremendo
tristeza,ruim comer falta
medo,Acho foaqui galera falta monstra agora torcer crise ansiedade
raiva,falta ataca saco
tristeza,febre falta matando
medo,fico preocupada irm√Éo obeso hipertenso agora covid lembrar fica falta√¢ httpstcoFMApK8aaMQ
tristeza,aguento falta
raiva,falta insuporvel xadxad
raiva,explodindo falta inferno quero morrer
raiva,Falta carai
raiva,falta inferno embora
raiva,puta falta odio parece morrer
tristeza,tremendo chorando passando falta httpstcoihUFazyVpZ
raiva,falta desgra√Éadaaa
surpresa,falta motivo nenhum
tristeza,falta cara
tristeza,falta morrw
felicidade,ultima brinquei repetindo tweets dois dias tava graus febre
raiva,Fico pensando shopping febre chatos
tristeza,U0001f975 chega febre
raiva,velho febre foder
tristeza,lu√≠za nada ficou febre entendi nada U0001f97a
tristeza,cheia febre aguento
felicidade,calor achando sinal febre
raiva,nada febre
tristeza,Pedro febre nada
felicidade,relaxante febre tomar banho quentinho
tristeza,febre falta matando
tristeza,febre plmds
tristeza,coisa sintomas leves covid ruim Cada passa fico pior corp‚Ä¶ httpstcoSig4h6qRn2
felicidade,FAMILIA FUFEBRE ALTAKKKKKKKKKKKKKK
surpresa,Febre nada
felicidade,Febre embora
felicidade,Gra√ßas deus febre passo
tristeza,Guilherme hamb√∫rguer artesanal quero comer fome febre desgra√ßada
felicidade,febre toda mole filha for√ßas
tristeza,corpo trabalhando matar ontem enj√¥o hoje febre
tristeza,tr√™s amgs pr√≥ximos tudo bebo beijando boca enquanto febre casa
raiva,febre abaixando s√©rio MERDA OUTRAS VIDAS PAGANDO ASSIM
tristeza,febre poss√≠vel
raiva,odeio garganta prefiro febre
raiva,Odeio febre
felicidade,passei semana inteira febre morrendo medo covid gra√ßas deus teste
tristeza,P√©ssimo momento febre resfriado
raiva,queimando febre cheia estressando matando
medo,Senhores hoje passei meio bateu febre garganta raspar menos ainda nnMedo COVID‚Ä¶ httpstcoAzsS6rw0kd
medo,s√©rio passei febre deitada morrendo
felicidade,cheia febre assim luau kkkkkkkkk
tristeza,febre novo ben√ßoado m√©dico queria atestado hoje consigo falar httpstcoykvfcSikm4
tristeza,febretosse seca resfriadoningu√©m mere√ßeüò´üò´üò´
surpresa,ficando febre
tristeza,ficando febre U0001f974ü§í
raiva,manh√£ Matteo acordado febre medicado inv√©s dormir quer desenhonS√≥ Deus
tristeza,acordar febre
tristeza,acordei febre
tristeza,Bomdiou febre
tristeza,Deus ajuda aguento fica febre
tristeza,acordei febre falta
tristeza,febre passa quero dormir üò©üò©üò©üò©üò©
tristeza,podia acordado febre Passei noite inteira custava ganhar folga
tristeza,fervendo febre escola fala
tristeza,febre passando chorar
tristeza,Kau√£ febre noite toda consigo nen√©m assim
medo,Deus vomitando puta febre medo real
tristeza,consigo dormi ajudar ainda febre ü§¶üèªu200d‚ôÄ
tristeza,dormi nadinha noite febre
tristeza,queria tanto enrolar cobertor fizer febre piora
tristeza,Segue febre √∫ltima hora mediquei incomodado ainda acorda chorando U0001f97a
tristeza,trabalhar disse nVontade deixar filha casa queimando febre
tristeza,Tava febre acabei dormindo tava aguentando
tristeza,cheia febreüò©
medo,febre serio medo
raiva,crlllll crise ansiedade madrugada tipo mano ansioso acho falta forte
raiva,falta deshtacada ansiedade morra
tristeza,vontade vomitar tontura falta grande vezes parece desmaiar realmente httpstcoovYPJWzi5z
raiva,fico falta odeio odeio odeio
tristeza,tanta dando falta
tristeza,Acordei falta l√≠ngua dormente coisa ruim
tristeza,falta vontade vomitar
felicidade,louco demais sentir falta poucos voltando rotina
tristeza,Come√ßou falta arüò≠üò≠agora dormi
raiva,cora√ß√£o acelerado falta caralho
tristeza,acordei febre falta
tristeza,Falta pior coisa universo
raiva,Morrendo falta m√°scara
tristeza,falta
tristeza,aguento falta MORRER
raiva,porra odeio acordo nada falta maneU0001f92f
tristeza,Preciso m√©dico falta fodaü§¶üèªu200d
raiva,falta porra
raiva,sempre hora dormir falta √≥dio
raiva,Tavo dormindo nada veio falta
medo,falta socorro
raiva,pouco falta ainda usar m√°scara manh√£ todannputmerd
raiva,falta caralho
tristeza,falta Deus
tristeza,preocupada falta
raiva,toda hora acordando assustada porra muita falta ü§¶üèΩu200düëéüèΩ
raiva,Todo consigo dormir causa ins√¥nia falta crlh
tristeza,falta üíîüíîüíîüò≠
raiva,vsfd falta
raiva,Juninho fica for√Éando tosse bota cair germes nojento U0001f92c
raiva,momento tudo contra tosse principalmente cara tirando m√Éscara farm√Éci√¢ httpstcoCxEWXlmOGt
raiva,aguento tosse
raiva,dormi nada acordei horas manh√É tanta tosse
tristeza,aguento tosse seca
raiva,odeio ficar tosse resfriado quebra
raiva,tosse caralho aguento
raiva,olhar cama ataque tosse
raiva,sempre dormir come√Éa tosse chatice
raiva,Tosse desgra√Éada
medo,tosse insuporvel acho morrer
raiva,tosse escrota
raiva,consigo dormir tosse desgra√Éada
raiva,aguento tosse
raiva,Porra aguento tosse
raiva,passando tosse inferno
medo,toda algu√Ém fala pandemia nervoso falta socorro acaba p√Énico
raiva,Toda fico nervosa falta ODEIO
medo,gebte socorro puta falta conseguindo respirar direito fa√Éo
medo,tambem falta febre acho tudo medo real dkdmkdmnd
medo,come√Éar tomar rem√Édio acabar morrendo Hoje percebi quanto desesperador sentir httpstcoiv9191LGAy
raiva,falta novo saco
raiva,Falta fudida matar homem
tristeza,AGUENTO FALTA
medo,falta deus
tristeza,falta foda
raiva,Poha sinto falta correr esquina merda deus caralho
raiva,chorei falta alergias param co√Éar consigo dormir morrendo sono ANSIEDADE ODEIOOOO
raiva,Tento todos jeitos dormir fica dando teno crlh falta
surpresa,Caralho falta grande tava quase vendo
tristeza,manh√É falta explodindo pedra cruz fala
raiva,odeio queima√É√Éo sinto perto peito deixa falta U0001f97a
tristeza,falta vomorre
medo,falta quero preocupar
tristeza,foda achar posi√É√Éo dormir falta
raiva,falta
tristeza,novo falta aguento irm√Éo
medo,dando falta morre
raiva,falta krlh
raiva,odeio sentir falta porraaaaaaaaa
medo,Acordar falta assustador recomendo
raiva,falta foda dormir
raiva,falta
tristeza,foda dormir falta crlh U0001f97a
surpresa,crise ansiedade merda fiquei febre
felicidade,pouco febre baixa desde cheguei Bernardo amanh√É denovo kkkkkkk
tristeza,Acordar febre novo dif√Éxadcil
tristeza,Bryan tosse chataüò£ Bryan tosse chataüò£
surpresa,Acordei febre garganta inflamada entendi nada agora
raiva,meninas aqui casa morrendo tosse febre pegar corona outra nessa altura campeonato ficar PUTA
tristeza,dormi doente acordei imersa po√Éa suornnfui medir febre tamo
medo,febre mandando real
raiva,febre gostou mimpqpx8f¬ºu200¬∏x8f
tristeza,Fico nunca febre garganta U0001f972
tristeza,ruim ficar febre fraqueza tudo
medo,corpo inteiro voltou doer agora febre espero demore passar
medo,acordou doente febrenmanonDeus pedi algo antes favor perdoe salva nessa
raiva,Noite inteirinha febre capeta ruim caramba
tristeza,febre deuss
felicidade,Primeiro vencido sucessonnEnjoo corpo febre 38nnAcordei febre pouco enjoonnvouvencer
medo,Ryan madrugada inteira Febre paaai
medo,Sinto adoecendo febre a√Éxad pensando algu√Ém daqui mole mercado pode covid
tristeza,passando cheio febre
raiva,Acordei febre √Édio ontem estar plan√Éxadssimo tava febre √Édio
surpresa,queimando febre nada
felicidade,colocando isolamento causa febre ontem kkkk
tristeza,Passei madrugada inteira acordada yuri febre tadinho nen√Ém
tristeza,acordou febre U0001f974
raiva,preocupada felipe onde mandar mensm manh√É dizendo febre responder √Édio
raiva,aguento acorda febre fudida moral
surpresa,Febre abaixa jeito nenhum Deus
tristeza,Febre fraqueza dores corpo covid novo
medo,Acordei queimando febre repreendido
raiva,desgra√Éa pegam doen√Éa menos gravenLeve febre leve leve tossenA grave gado imbec√Éxadl
medo,febre aumentando Deus
felicidade,aqui dando rem√Édio Juliane febre kkkkkkkkkkkkkkkkkkk
medo,Muita falta
medo,nada pior sentir falta moral
tristeza,Desde madrugada mente inquieta falta f√Écil
medo,reportagem sobre particilas virais estarem Amostras conposi√Éao httpstcoNm8E3me2yt
raiva,0510 falta febre tmnc
raiva,falta nada
raiva,√Édeio sentir falta
medo,√¢acordei falta ar√¢x9d plmdds httpstco2cqy20XakX
medo,Acordei mesma falta p√Énico instalado sobre for√Éava respira√É√Éo sentia encher√¢ httpstcoPSkDTp7Fiq
medo,acordos falta esperan√Éa crise bronquite
surpresa,Caraca Noite Foda Dormi Falta
felicidade,caras consegui dormir sentir falta enfim felicidade
tristeza,ardor acaba temho tempo sufoca deixa falta
raiva,aguento todo ficar falta inferno
raiva,falta desgra√Éada
raiva,Falta caralho
raiva,falta
tristeza,Falta terr√Éxadvel
tristeza,falta tomar√É
felicidade,acordando falta arnnA vida morango kkkkkkkk
medo,comecei nova rotina romper home office sair trabalhar companheira apresentando√¢ httpstcoR9QElHhqIg
medo,peguei olhando teto escuro chorando solu√Éar falta
tristeza,Deus pior noite vida paro tossir muita falta
raiva,Porra falta
medo,parece morrer falta
raiva,falta caralho
tristeza,falta deus
surpresa,rapaz falta acordei
tristeza,Sabe sensa√É√Éo desespero falta apetite sentindo tristeza funda vontade desistir tudo falta httpstcotXTRbkQK4k
felicidade,segundo acordando falta palpita√É√Éo OBRIGADA VIDA MENOS INSALUBRE
tristeza,Segundo sinto acelerado momentos entendendo motivo sair casa√¢ httpstcojoeCN5yO2G
raiva,falta merda
medo,morrendo falta jesus
felicidade,Virias maqueei senti bonita falta respirar passaram finalmente rem√Édio√¢ httpstcoz4s0OKBtZy
medo,Ontem febre baixa voltou hoje Tosse coriza pouco estarnnDevo preocupar
tristeza,falta aten√É√Éo prim√Éria funcione fato Deus todo classifica√É√Éo lota tosse cor√¢ httpstcoRozYEpPCIy
raiva,mano coisa falar sabe gente sofre disso aqui apaga tem√¢ httpstcom7oLO9hEkT
tristeza,aguento tosse alergia rinite
medo,sala espera fazer exame Cada tosse algu√Ém aqui arrepiozinho
felicidade,seguimores voc√És esonnEu √Étimo Acordei melhor tosse httpstcomLplSQjEc0
raiva,tosse caralho
tristeza,crise tosse
medo,Morrendo tosse corisa torcendo covidn
raiva,Irm√Éo garganta cada tosse gosto catarro diferente
tristeza,caix√Éo fechado caver respira tosse explica√É√Éo inten√É√Éo cau√¢ httpstcoIFIU2EYI9M
raiva,Gente tosse infernos
medo,acordei tossindo hoje medo mesma pois tosse bonita
raiva,Acordei tosse maldita
raiva,desgra√Éa pegam doen√Éa menos gravenLeve febre leve leve tossenA grave gado imbec√Éxadl
raiva,Tosse nunca √Édio
tristeza,aguento tosse Heitor cada tosse dormindo fa√Éo massagem peitinho alma U0001f97aU0001f97aU0001f97a
tristeza,tosse cara
raiva,Odeio fica tosse
tristeza,Gente aguento tosse
raiva,tosse chata fude
medo,tosse cronica meses ontem fiquei doente agora tava tosse agora voltou forte SOCORRO
raiva,moss tosse inferno parece pulm√Éo explodir
tristeza,saga tosse isis Jesus
tristeza,tosse respirar tontura sofrimentp
felicidade,preocupada tosse covid tosse velho KKKKKK
surpresa,descobrir hoje fuleiro m√Édico raiox pegar hoje descobrir pulm√Éo√¢ httpstco3eosnUmhiY
tristeza,tosse passa deus
tristeza,cada tosse aperto maior senhorrrrr
raiva,Namoral muita gente irresponvel Maior tosse tuberculoso cara m√Éscara
medo,madrugada come√Éou atacar crise tosse cachorro medo tossir busao povo bater x8fu200¬∏x8f
felicidade,melhor tosse pouca Obrigada U0001f970
tristeza,V√Érios outros Tosse seca cansa√Éo infinito enxaqueca pior vida passav√¢ httpstcoRnzwGHG5hG
medo,Kayke crises tosse completar tiros esquisitos Jesus
medo,Agatha tosse pulo cama morro medo engasgar
raiva,Cheio √Édio tentando dormir ontem consegui direito tosse seca come√Éou atacar a√Éxad ain√¢ httpstcon0RFahSd5T
raiva,chega horas porra tosse ataca
raiva,tosse irritante
surpresa,consigo dormir tanta tosse brother
tristeza,cansada tosse
raiva,Porque chega madrugada tosse sempre piora levantar fazer nescauzinnn quente alivia porra
surpresa,tosse dando bichoooo NUNCA
tristeza,aguento tosse
medo,nariz entupido tosse desestabiliza durmo noite toda checando tudo
felicidade,esfria forma op√É√É¬µesnNariz entupido espirros rinitenDor sinusitenTohttpstcoFYEWtm9qnG
raiva,crise tosse hora puro odio
raiva,tosse seca porra Manucu
tristeza,tosse peito costas Pior consigo dormir
raiva,tosse chata
tristeza,penso melhorando tosse novoxad
raiva,hora dormir hora tosse chata ataca nunca saco
tristeza,pior gtgt sentir gosto gtgt sentir cheiro gtgt corpo gtgt falta gtgt gtgt tosse peito
raiva,quero dormir tosse deixa √Édio
tristeza,Tosse sangue dif√Éxadcil
medo,suspeita covid toda hora tosse Deus
tristeza,bolao tosse
tristeza,aqui conseguir dormir causa tosse falta algu√Ém fala covid parar
raiva,√Édio tosse
raiva,tosse conseguindo dormir x8fu200‚Äö¬∏x8f
raiva,tosse maldita
raiva,Tosse caralho passa nunk
felicidade,Kkkkkkkkkk sempre tomo parece ficar febre
surpresa,sentindo febre primeira loucura
raiva,acordei febre sacanagem
raiva,acordei febre crlo tamb√Ém nneeeeeeeeeee
tristeza,Caralho febre Arriada
tristeza,Dormi nada noite nior cheio febre fico preocupada U0001f97aU0001f97a
raiva,Hoje trabalho causa fudida febre tamb√Ém inflama√É√Éo garganta
tristeza,Isis queimando febre
tristeza,dormiu melhor gra√Éas Deus compensa√É√Éo Hellena febre noite toda achando tir√¢ httpstcoDiRhO3uNPc
raiva,Mano vtnc poderia estar vendo aula presencial porra febre atacar √Época aaaaaaaaaaaaaaaaaaaaaaaaaaaaaaaaaaa
tristeza,amiga beb√É meses hospital desde segunda febre vomitando quero pensar nada agora
tristeza,ontem tava queimando febre antes dormir hoje garganta amanheceu fudida √¢¬®U0001f974
raiva,FRIO INSUPORx81VEL febre merda
tristeza,Tr√És dias praticamente cama passando febre pesco√Éo Deus ajude
felicidade,noxadcia minoria vacinados caso sentir√É febreou loc√¢ httpstconcoANhWO0D
raiva,morrer tossindo tripas posxadvel terceiro seguido tosse maldita
raiva,Cheio √Édio tentando dormir ontem consegui direito tosse seca come√Éou atacar a√Éxad ain√¢ httpstcon0RFahSd5T
tristeza,aguento tanta tosse
tristeza,aguento tosse
raiva,chega horas porra tosse ataca
raiva,tosse irritante
surpresa,consigo dormir tanta tosse brother
tristeza,cansada tosse
raiva,Porque chega madrugada tosse sempre piora levantar fazer nescauzinnn quente alivia porra
tristeza,aguento tosse
raiva,crise tosse hora puro odio
raiva,tosse seca porra Manucu
tristeza,tosse peito costas Pior consigo dormir
raiva,tosse chata
raiva,consigo dormir tosse insuporvel nariz entupido
raiva,Tosse feiosa carai
raiva,hora dormir hora tosse chata ataca nunca saco
raiva,quero dormir tosse deixa √Édio
raiva,√Édio tosse
raiva,tosse maldita
raiva,Tosse caralho passa nunk
tristeza,Ardendo febre
raiva,febre indo voltando foda
tristeza,ouvido infeccionado ouvido fechado febre √Énsia v√Émito nnblz quer matar mata deixa sofrendo aqui
medo,Murilo pelando febre aiiiixad
raiva,garganta fudida febre alta caralho sextouuu
tristeza,corta chorando tava febre longe
raiva,corpo febre crlh foda xadx8f¬øu200‚Äö¬∏x8f
tristeza,ardendo febre novo aguento
surpresa,CONSULTA VOLTEI DOENTE FEBRE PAIX√ÉO PORRA
tristeza,Laisa enjoada normal febre U0001f97aU0001f97a
tristeza,Coronga acabando comigo Al√Ém sentir gosto cheiro alimentos ainda tirando apetite httpstcoo462iDu9oY
surpresa,irm√Éo super quente febre enrolado cobertor super grosso calor graus
raiva,amigo diarreia febre vida covid √Égua janeiro simplesmente MERDA NOVO
raiva,febre foda completar ouvido doendo caralho
raiva,Homi bicho frouxo demais nMeu qualquer dorzinha MORRENDO VENDO RUIM nCom httpstcou6tpTrcsiz
tristeza,pretinha febre ‚Äù‚Äùx90
medo,tambem falta febre acho tudo medo real dkdmkdmnd
tristeza,Serio febre novo
felicidade,sextou vida acordou febre x8f¬º
surpresa,febre fodida passando caralho credo
surpresa,febre nada doideira
surpresa,sentindo falta
raiva,fica falta antinha
tristeza,vrdd toda come√Éo pensar futuro fudido come√Éo falta fico triste
medo,toda algu√Ém fala pandemia nervoso falta socorro acaba p√Énico
surpresa,agora fico triste falta nada
medo,tambem falta febre acho tudo medo real dkdmkdmnd
tristeza,falta
felicidade,Voltei casa vov√É domingo ficar desde sentiu falta nenhuma U0001f97ax8f
medo,gebte socorro puta falta conseguindo respirar direito fa√Éo
medo,come√Éar tomar rem√Édio acabar morrendo Hoje percebi quanto desesperador sentir httpstcoiv9191LGAy
tristeza,Nnsei pior peito falta conseguir dormir U0001f97a ansiedade realmente destr√Éi
raiva,falta novo saco
raiva,Falta fudida matar homem
tristeza,aguento falta
tristeza,aguento surtar chorar tremer falta esperar ajuda divina cair
medo,falta deus
medo,Poha sinto falta correr esquina merda deus caralho
raiva,falta veio cloro desgra√Éa
tristeza,indo trabalho todo palpita√É√Éo falta ansiedade httpstcozTLKckyOpI
tristeza,Nnsei pior peito falta conseguir dormir U0001f97a ansiedade realmente destr√Éi
tristeza,agora fico triste falta nada
tristeza,falta
medo,Sentindo peitouma falta sinistra
medo,gebte socorro puta falta conseguindo respirar direito fa√Éo
medo,come√Éar tomar rem√Édio acabar morrendo Hoje percebi quanto desesperador sentir httpstcoiv9191LGAy
raiva,falta novo saco
raiva,Poha sinto falta correr esquina merda deus caralho
tristeza,fase passo madrugadas falta perdida pensamentos escolhas dev√¢ httpstcoWLzhq0S4YH
medo,nada crise ansiedade pensei morrer falta
tristeza,dormir melhor tava acordei falta triste vida asm√Ética gripa x8fu200¬∏x8f
raiva,chorei falta alergias param co√Éar consigo dormir morrendo sono ANSIEDADE ODEIOOOO
medo,crise al√Érgica puta falta pega corona crise morro
tristeza,falta foda dormi
tristeza,manh√É falta explodindo pedra cruz fala
medo,Acordar falta assustador recomendo
surpresa,Caralho falta grande tava quase vendo
tristeza,munta falta x8fu200¬∏x8f
felicidade,pulo corpo inteiro formigando morrendo falta KKKKKKKKKK cada frescura
surpresa,digo fiquei falta nnTodo mundo COMENDO DIREITO
tristeza,muita falta Nessas horas vejo quanto ruim poder socorro
raiva,odeio sentir falta porraaaaaaaaa
raiva,falta
medo,falta vomorre
raiva,falta krlh
raiva,Falta dormir foda x8fu200¬∏x8f
tristeza,novo falta aguento irm√Éo
medo,quase surtando falta doendo peito jogando mano surta
tristeza,falta
surpresa,falta manh√É
raiva,foda dormir falta crlh U0001f97a
medo,dando falta morre
raiva,Falar agir febre Fala
felicidade,rem√Édio kkkkk rem√Édios gripe febre derrubavam sdds
tristeza,a√Éxad ainda dormi bebinha sono cheia febre foda
surpresa,Acordei assustada testa vendo febrenEle deve fazer seman√¢ httpstcoIjZmNQGFxI
felicidade,Acordei febre angustiada hoje aniverrio quero perfeito
tristeza,Acordei febre ficar longe fico r√Épido U0001f97a
tristeza,legal acordar febre
medo,Espero febre hoje porque quero voltar hospital
surpresa,acredito febre mano
raiva,gente ficar indignada preciso atendimento febre noite toda quisemos ocupar√¢ httpstcoT71ggDYY0i
raiva,puta febre saco
medo,queimando febre morrer
medo,Manu Dando Febre Novo u200¬∏x8f
surpresa,todo mundo gripado febre diabo
tristeza,febre Jo√Éo passa
raiva,IVERMECTINA CURA COVID PAREM MATARnontem falta tosse febre muita corpo√¢ httpstco9wkGxbJ78l
raiva,acordando febre garganta ruim fude
tristeza,acorda febre x8fu200‚Äö¬∏x8f
tristeza,pedido hoje febre Samuel passe todinha suporto assim
medo,sentindo frio botei term√Émetro √¢febre√¢x9d come√Éando preocupa
felicidade,coisa tamb√Ém febre passou tomara volte tava medo
raiva,vsfd odeio acordar febre
tristeza,cansaxadssima falta olha hora ainda dormi
surpresa,nada disparado tremendo toda morrendo falta vontade vomitar noite
tristeza,Hospital medir satura√É√Éo tudo mente falta
raiva,HOJE CRISE ANSIEDADE FUDIDA LITERALMENTE BATI PAREDE PODE LUXO√¢ httpstcoYwsAZeoa27
medo,desparrou tanto falta
raiva,tanta raiva passando tremedeira falta desgra√Éa
raiva,Acordei olhos cheios l√Égrimas falta caralho √Édio
raiva,comecei falta nadatmnc
raiva,Falta porra
surpresa,falta nada
raiva,falta hora vtnc
tristeza,sentir falta U0001f97a
tristeza,conseguindo dormir maneira nenhuma falta mere√Éo plantei
medo,momento achei hoje morrer falta
raiva,puta pariu falta caralho
surpresa,falta normal
tristeza,quase morri falta hoje aiai covid obrigada sequelas
tristeza,queria dormir falta deixa
tristeza,chorandon falta desgra√Éa deus
raiva,toda fico falta puta pariu
raiva,falta valeu Enel mimo
surpresa,Aqui lembrando surto COVID parte fam√Éxadlia Pernambuco chocou pri√¢ httpstco8KZmEMH2Yq
raiva,ignorante quer fa√Éa segure tosse exploda
raiva,deitar come√Éa tosse maldita
raiva,Ajunta innia miser√Ével tosse durmo jeito nenhum √Édio
medo,benalet salva garganta acaba tosse implorando POSSO ficar doente
tristeza,caralho queria tosse embora deus perturba√É√Éo
tristeza,garganta Deus doer junta tosse cachorro ningu√Ém merece U0001f97aU0001f97aU0001f97aU0001f97a
surpresa,dif√Éxadcil povo ruim todos sintomas covid covid √¢uma gripe forte√¢x9d diarreia httpstcormoivvrn5b
felicidade,noite Bernardo quer tosse dormiu super tranquilonGra√Éas Deus
tristeza,tosse atrapalhando soninho
tristeza,tosse acabando sentindo sendo afogada ventilador tava parado come√Éou√¢ httpstcoEheOBp7aGj
medo,tosse assustando medo piripaque
raiva,tosse caralhooo √Édio aguento
surpresa,achando bizarrroooo monte conhecido amigas familiares ZUADOS todos sintomas covid httpstcoBEn5Ov4nE3
felicidade,prima falando coron√Éria enquanto tosse kkkk
raiva,ODIO COME√ÉO CRISE TOSSE NADA
raiva,tosse insuporvel dif√Éxadcil dormir assim
tristeza,sempre horas tosse ataca incr√Éxadvel
raiva,aqui filho colo porque tosse chata deixa dormir
raiva,tosse chata
raiva,Tosse chata porra
raiva,tosse chata
raiva,tosse custa crln consigo dormir
raiva,dormi chorando acordei raiva febre raiva
tristeza,queria emocional atingisse corpo acabasse vontade comer sabe Seria√¢ httpstcoxmVTElxbr8
raiva,porra bra√Éo dando febre
tristeza,chorando agora febre U0001f97a fazer mandei fica calma
tristeza,garganta febre sofro
raiva,porra febre
raiva,acordei bastante febre acreditando
surpresa,cheguei escola tava febre
tristeza,sair deixar beb√É febre
tristeza,novo febre aguento insistir amanh√É noite
tristeza,passar noite garganta febre ainda acordo consigo toma √Égua beleza
felicidade,desse lovizinho gostoso febre embora
tristeza,nada manh√É acordo morrendo corpo febre U0001f97a
raiva,febre caralho
raiva,fico puto term√Émetro medir febre
raiva,odeio febre intestino nenhum sintoma ficar boca fica uma√¢ httpstcooDr5OrgsaU
medo,pirar filho queimando febre xadxadxadxadxad
raiva,febre noite estralando acorda trampa ouvir graca cedo toma
raiva,febre filha putaaaaaaaaaaaaaaaaaa
tristeza,acordo corpo parecendo passou caminh√Éo febre acompanha nBom
tristeza,Lohan meses primeira nen√Ém febre cabisbaixo peda√Éos
surpresa,fiquei meses botar casa cheguei escola apontando coisa febre braco httpstcosGgIsqLoSR
tristeza,febre madrugada parar queria ficar desse jeito U0001f97a
felicidade,falando febre queimou neur√Énios errei portugu√És hora dessas escreve certo auge sono kkkk
tristeza,dormi nada noite ardendo febre liga
raiva,saco suando devia febre
tristeza,febre vontade chorar odeio ficar doente
raiva,zuado passei folga inteira cima cama queimando febrenn comi todo tamb√Émnnq √Édio
raiva,cheio febre merda
tristeza,amiga anos VINTE SEIS Covid falta febre corpo todo U0001f97a httpstco32OD8j9RDK
tristeza,irm√É acordou tomar rem√Édio febre vomitando rem√Édio
raiva,caralho mano vizinho manca TODO cedo fica corredor tosse fudida coloca m√Éscarax8fu200¬∏x8f
tristeza,levar amor emerg√Éncia hoje gripado asma passou noite toda cansa√Éo nariz super httpstco2tyvydB7OQ
felicidade,Voc√É tosse dopada coma hahahaha
felicidade,horas come√Éa crise tosse dentro trem kkkkk povo jaja linchar daqui kkkk
raiva,ataco tosse consegui dormir direito desgra√Éa
tristeza,aguento tanta tosse falta
raiva,tosse arrombada dxou dormir noite toda
raiva,fiquei semana presencial morrendo falta binder
medo,mano dif√Éxadciltava falta p√Énico chorando travado tipo bra√Éo rela√Éwo√¢ httpstcop5cH9E1onH
raiva,consegui comer conseguindo dormir falta crise choro outras coisasnVai ansiedade come
tristeza,ansioso Mano acordado desde manh√É c√Érebro acho atrasado√¢ httpstcoZ0YHoGzyjC
tristeza,Nen√Ém deixa mam√Ée mimi kkkkk muita falta
tristeza,falta peito juntinho aguento
raiva,falta desgracada morre
tristeza,Acordei falta
raiva,Acordei muita falta odeio
medo,acordei falta fodida deus
tristeza,vazioaquele sentimento culpaaquela falta aperto sozinhoacho perdi caos
raiva,caralho falta
tristeza,falta acaba U0001f97a
tristeza,falta insuporvel sentindo deixou dormir hora praticamente chora√¢ httpstcouyjFOzLeg3
raiva,falta irrita
raiva,krlh falta acabar matando
raiva,Falta caralho
raiva,falta caramba
raiva,cozinha beber remedio quase morri odio falta
raiva,indo tentar dormir 0420 manh√É pouco falta deixando nervoso nen√Ém precisando ajuda
tristeza,consigo dormir muita falta
raiva,passando falta caralho
tristeza,aguento tanta tosse falta
raiva,dormi ainda cara parece enfiando v√Érios cacos vidro corpo falta furiosa
raiva,dormi nada puta falta
tristeza,cama consigo dormir consigo acordo assustada comigo falta U0001f97aU0001f97a
raiva,acordo humor theo acordar sendo cedo fico falta
raiva,puta falta tomara morra
raiva,falta carakho
raiva,falta sentindo puta pariuuu
surpresa,creio febre
raiva,Lembra fiquei pior febre mano diarr√Éia caralho
surpresa,caceta acho febre
tristeza,ardendo febre deus
raiva,Cara febre baixaaa
surpresa,caralho tomar rem√Édio febre suar tanto
felicidade,febre valeu pena vamo
surpresa,Mufina febre olhos‚Äù acreditando
tristeza,azarado febre
raiva,falta commisso dessas sonsas realidade compar√Éve√¢ httpstcou7foCDeXA6
raiva,cheio argumentos principal pessoas enviadas casa terem falta Voce httpstco7l0dHhNmqe
tristeza,consigo chorar aperto peito falta
tristeza,ansiedade matar falta manoo vida fode assim
medo,tempo consigo dormi desconfio todos peito falta sensa√É√Éo
felicidade,adianta explicar quer ouvir tomei tomo quase v√Érias pessoas fica√¢ httpstcopLcE9fNx4v
medo,acho falta parece cora√Éao preso caixa explicar deus
medo,Aiii falta ar‚Äôessa porra
raiva,falta desde cedo
raiva,pesadelo parece acaba nunca xadxadxadxad voltou hospital Agora falta v√Éxadrus httpstcomeprg1pIrk
tristeza,dias falta toda antes dormir nebulizar aglomerando gente mun√¢ httpstcoZSN12pCBbr
raiva,falta todo agora carai
medo,realmente achando morrer posso sentar sof√É falta
raiva,ensaio cedo gra√Éas falta madrugada toda pude porra ainda matar
raiva,falta poha
medo,Falta puta cansado sentido nnpor favor agora
raiva,Falta fudida
raiva,Falta hoje passando limites
raiva,fica falta porra
raiva,manh√É tava saindo bocae tarde acordei falta arquase morrendodia louco porra
medo,indo hospital morrendo falta rezando
tristeza,assustador hospital falta crise choro dentro sozinha quan httpstcohBUhiClVpX
medo,falta parece alguem sentado peito consigo puxar direito morre
tristeza,chorando telefone corpo falta causa covid acaba
tristeza,falta matando poucos aqui nada galera
raiva,repente fiquei falta vtmnc
raiva,falta
tristeza,falta morre
medo,Vivendo eterno falta ser√É covid ansiedade desde mar√Éo 2020
medo,dormir falta acordo falta assim segue todo Jesus
medo,fecha algm tosse
tristeza,triste Perdi amigo Longas longas conversas disse Covid tosse inconformado
tristeza,crise tosse tudo precisava
raiva,detesto ficar tosse
tristeza,tosse aguento
tristeza,tosse matando
medo,preocupada real ncamilla tosse seca todo Viih tube semana passada agora√¢ httpstcofIVkkXmQ1I
medo,Lindo tosse ficando paran√Éica
tristeza,Deus dif√Éxadcil segurar tosse
tristeza,fessor tendo aula covid tendo crise tosse
tristeza,aguento coriza tosse
raiva,aguento tosse satan√És preciso voltar vida piranha novo
raiva,tosse carai
medo,tosse esquisita medo real covid tomar antial√Érgico passar fodeu
felicidade,todo vizinho passando puta tosse tuberculoso falta morrer sempre assusto kkkkk
raiva,Tosse chata
tristeza,Tosse come√Éo garganta faltava
raiva,tosse seca chata
felicidade,update jeto semana mencionei aqui sintomas leves tosse garganta coriza repor√¢ httpstcoeEYsJD4mdy
tristeza,meses assim febre dormiu chorou tadinha
medo,A√Éxad voc√É surtando acordo falando filha acordou febre corpo covid
felicidade,Acordei felizona estudar febre
felicidade,venceu febre passou
tristeza,Davi febre acordando toda hora cansada
tristeza,agora febre gente aqui casa pesado
tristeza,sentindo infernal febre quero morre
medo,febre tosse cansa√Éo tomara aaaaaaaaa
tristeza,horrores achei tava melhorando voltei febre todo tipo exausto trabalha httpstcoTIOZKbt6mN
tristeza,Kkkkkkkk entendi al√Ém psicol√Égico piorei velocidade desabafo febre deus httpstcouTXW64xfUA
medo,tosse febre comprar rem√Édio
surpresa,febre
medo,febre suando frio Deus
surpresa,muita febre ‚Äûxad
medo,Sigo febre Ipanema pe√Éo te√É√Éo
medo,dando febre senhor
surpresa,fudida acho acordei febre olfato diminuiu garganta ficou ruim NADA
medo,menina aqui √Énibus falando febre nela vacina carai tomo
felicidade,Simmm a√Éxad jornal passava povo tava sentindo falta A√Éxad ficava Ser√É√¢ httpstcol7GUHxJ2MT
felicidade,sair plantas kkkkkkk hora parece falta
medo,Nesse v√Éxaddeo √¢paciente√¢x9d falta Jamais algo HORR√Éx8dVEL paganda httpstcokuzJ3q9rZZ
medo,achando fobia social Toda pego onibus metro falta preso preciso psicologo
raiva,sentindo falta direto ansiedade desgra√Éada mate logo
raiva,Ontem consigui crise disforia ansiedade depreso falta hiperatividade crise bizarra que√¢ httpstcomgLA4xVSaO
raiva,Trabalhar gente morta fome falta coisa nojenta existe ra√Éa maldita
medo,sonhou esp√Éxadrito tentando sufocala realmente acordou falta arpqp
medo,costas falta acho morrer verdade
surpresa,caralho noite foda dormi quase nada falta
raiva,Falta lixo
tristeza,falta espero morra
medo,Falta
surpresa,Fiquei falta plmds
tristeza,momento chorar falta
raiva,m√Édico nega ambul√Éncia irm√Éo diarr√Éia febre abdominal FALTA httpstcoi9Dln8OO8V
raiva,√Étimo indo hospital falta indo levar inferno
tristeza,imaginar daqui pouco come√Éa falta vontade chorar
tristeza,romantiza ansiedade nunca passou noite inteira dormir chorando falta cansa√Éo desgra√Éado crise
medo,muita falta ultimamente medo
medo,menina sala falta deus ainda casa
medo,barriga atr√És olhos falta feia dormi espera
raiva,todo neg√Écio acordar morrendo falta √Édio merda caralho
raiva,inexplic√Ével falta
nojo,24horas fila√¢ httpstcouRof6c5KU9
felicidade,brasileirinhos exame Covid 1nSei falso outro v√Éxadrus maluco httpstcoZSYjJeGEYF
medo,Cada tosse escutada ora√É√Éo diferente
medo,camilla thais tosse caio carla sentir gosto coisas viih tube gargantaarthur httpstcotN5Dk5cxut
medo,Carla Diaz sentir gosto cheironCaio sentir gosto quebradonCamilla Lucas tosse seca nThais httpstcoyIOS8upIxu
felicidade,Melhor coisa muita m√Édica passou xarope tosse fazia dormir httpstcorhr39X09EP
tristeza,Sonhando aguento tosse entrar P√Énico
raiva,tosse pneumologista pede tomografia retorno httpstcos6Be9069NE
tristeza,Aconteceu temia crise tosse √Énibus queria morrer xadx8fu200¬∏x8fxadx8fu200¬∏x8fxadx8fu200¬∏x8f
medo,dormir cedo lembro tosse tentar engolir formava boca pensava perde√¢ httpstcoAvgO2HE28X
medo,febre tosse cansa√Éo tomara aaaaaaaaa
felicidade,Finalmente tosse seca expectorando
raiva,preguei olho noite tosse infernos
raiva,odiar tossir frente outros trabalho ataca tosse inferno
medo,tosse coriza garganta febre covid todo caso dado tem√¢ httpstcot4VPKLzX1i
raiva,tosse infernos Brasil
tristeza,Rezem Cl√Éo internada ontem noite dificuldade respirar tosse cachorro
raiva,separando alas suspeito covid consulta normal igual bosta velhonnse pego merda√¢ httpstcohXGLkGK5Mg
medo,tosse desgra√Éa medo covid
felicidade,crise tosse chega engasguei kkkkk mulher saiu lado
tristeza,tosse pulm√Éo serio dormir hoje
raiva,tosse desgra√Éaaaaaa
raiva,tosse caralho embora
medo,tosse terr√Éxadvel peito costas pulm√Éozinho incomode novamente afim ficar httpstcof3TaG3KETN
surpresa,tosse normal loco
raiva,tipo idiota pensam morre todo santo 1000 pessoas doen√Éa√¢ httpstcoAhMHk34An0
medo,Deus c√ÉunChuva intensanEu mundonSem noxadciasnVai dando falta
raiva,ansiedade falta crlh
medo,ansiedade esmago barriga falta peito Jesus causa
tristeza,tantas manotas deste desGoverno superei fase vergonha alheia rai√¢ httpstcoUNA6lqESAK
medo,Espero falta asma covid ferrada
medo,falta ansiedade ataca
surpresa,Deus acordei falta
medo,amado falta
medo,Passei madrugada falta Acho hora chegando
surpresa,falta DeusnParece morrer
raiva,paladar tosse dias casa vigiada Brasil Globolixo fala tanto gente ficar httpstcoMB9VEsQw0d
raiva,√Édio desse imbecil porra NUNCA tiro m√Éscara idiota veio bebendo agua httpstco0W8aZDFdGf
medo,melhorando acho Ainda recuperaram olfato paladar tosse seca httpstcofm7nS1ZokY
tristeza,sensa√É√Éo garganta ruim tosse fodida dias httpstco6ZuogmpCB5
medo,Caralho crise tosse agora
raiva,tosse passa raiva
medo,refluxo sinto comer vontade vomitar junto tosse solu√Éo insuporve√¢ httpstcoTTUHYpKwhg
medo,acordou tosse Deus corona pfvv
tristeza,Poxa preocupado acesso tosse agora manh√É coceira garganta atento ver√¢ httpstcoXScSEbKKYA
raiva,tosse chata mano
raiva,vergonha cara fica onde Conseguiram eliminar sarampo febre amarela dengue hepatite httpstcoIjkZ5XDh9i
felicidade,al√Éxadvio contente febre menos corona kkkkk
tristeza,deus todas amigas garganta febre
raiva,Acho dando febre causa porra poeira
felicidade,acordei parecendo levei soco olho tanto doendo maos juntas p√ÉsnnmassshttpstcoSKIhNAHvML
raiva,sair casa pode sair farm√Écia hospital farm√Écia estar httpstcoHkUMt6gdWZ
tristeza,arthur dormiu aqui queimando febre
tristeza,davi acordou febre aperta logo
medo,apetite algum febre dores corpo latejando medo alguma coisa acaba√¢ httpstcoYTfSLeEqlC
tristeza,febre favor embora
raiva,Gente semana inhaca todo lado febre c√Élica siso todo zoado crise enxaqueca toma
medo,Mano medo quero morrer nnGalera orem dias seguidos febre alta olhos httpstco3S4ic2SQv8
medo,medo estar febre no√É√Éo
tristeza,passou madrigada toda febre‚Äù¬¨
medo,Passei noite toda febre medo
tristeza,piorar tudo ainda febre
raiva,tosse raiva homem maldito
raiva,serio tava come√Éou esfergar falando tomara pegue gripe conta√¢ httpstcom1T0ut6gJ3
raiva,tosse dando tr√Égua finalmente caralho
raiva,a√Éxad acordei agora tosse tudo conta desse caralho mudan√Éa tempo
tristeza,Dani cheio tosse tadinho
tristeza,Foda tosse gripe pandemia quer expirar tossir pulm√É¬µes pessoas ficam httpstco9CtteSQEXl
felicidade,Ontem terminei corticoide hoje termino antibi√Ético sentindo melhor compara√É√ÉonnMa√¢ httpstcogF14yxY4zq
raiva,merda pneumonia deixa mano aguento tosse raivaaaa
raiva,tosse desgra√Éada consegui dormir direito
raiva,Tosse
raiva,Ruim jornalzinho merdas ministro certeza muita culpa nisto tudo pois httpstcokocH2Rv2ks
tristeza,fico triste envergonhado noxadcias outros estados aqui Paulo httpstcoiLcP3CmleD
medo,Ouvir reportagens covid cedo falta
medo,centro agora manh√É nada come√Éou medo comum falta bizarra httpstcoBAYWbumx0y
raiva,Pergunta Mandetta porque tocolo cure m√Édico somente sentir falta httpstco8N0s3XKqwS
raiva,Mandetta nunciamento na√É√Éo pediu brasileiros curassem ajuda m√Édica somente httpstcovhfOLM1YdU
tristeza,Muitas pessoas perderam vida confiar cidao recomendou curar hospital somente√¢ httpstco9mTOF1Wmet
raiva,imbecil recomendava curasse m√Édico sentisse falta
raiva,Falou imbecil fica casa sentir falta
raiva,Falou rapaz mandou hospital falta festinha m√Éscara
surpresa,impressionante doen√Éa afeta tudo tosse desestabiliza corpo f√Éxadsico falta httpstcom33bK6Gean
medo,Acordei falta devo preocupar
medo,Acordei falta bombinha achei asma continua jeito Agora preocupada
medo,falta acho deus
raiva,falta fudidaaa
raiva,Odeio acordar falta
raiva,ontem hoje falta saco sinceramente
raiva,falta
medo,todo acordo hora porque cismo falta covid deus aguento
raiva,alegria pobre dura pouconOntem recheado alegria al√Éxadvio estar vacinada puta odio√¢ httpstcoQWdcrSP3rl
raiva,gripezinha pqpnEu treconMuita febre muita cansa√Éo√¢ httpstcoXxffXAhsJ6
raiva,Amiga chegou febre postinho M√Édico vagabundo corrupto tacou suspeita covid mandou isolar httpstcomHl2ldG80i
raiva,Desde anteontem febre disposi√É√Éo
felicidade,passamos margem febre intensos dias
tristeza,Febre dormi choro ainda
raiva,pobre amanhecer febre
tristeza,ontem noite quase morri febre
raiva,arrumei escola febre passa aguento
tristeza,aguento acordar febre
tristeza,consegui dormir cheia febre tendo pesadelos horr√Éxadveis
raiva,posso conversar abra√Éar ningu√Ém porque fico sil√Éncio consigo httpstcobgkQHR8jCp
raiva,Queimei febre noite inteira acabei levantar morrendoela perguntou ainda quer cobrar coisas mimaff
raiva,viajando maluco porra prudente sofisticada comeu manga febre
raiva,Prescrevendo onde m√Édicos prescrev√¢ httpstco6gJkuq7nvd
raiva,entendo porque entrevistar cara deveria incriminado ohttpstcoXpoLUBDwdQ
tristeza,Fam√Éxadlia amigos Covid leitos Pirapora Jesus muita febre fracos Doen√Éa podemos ajudar
felicidade,quero avisar melhorzinho gra√Éas febre sendo controladahttpstcoiUOhJA8DRT
felicidade,quadro cl√Éxadnico esvel febre oxig√Énio baixo fluxo nenhum outro sintoma relevante assi√¢ httpstcowf7Gvhgzxy
raiva,febre trem satan√És
tristeza,Hoje tristeza passageiranHoje fiquei febre tarde inteiranE chegar noite cada estrela parecer√É l√Égrima
raiva,basta febre horas garganta doendo tanto consigo comertomar nada raiva
felicidade,Mam√Ée esvel satura√É√Éo normal febre orientadanAinda precisa suporte oxig√ÉnionO sinal httpstcowpgQGkBTIJ
tristeza,beb√É acordou febre
raiva,febre preso baixa
tristeza,terceiro acordo febre acontecendo comigo
raiva,queimando febre nada
raiva,mocinha acha gra√Éa m√Édicos linha frente usam m√Éscara inteiro in√Éxadcio√¢ httpstcolvGBwVp5Aj
raiva,Assim m√Édicos compencia pouco commisso vida fala existe httpstcoPr3FSF1ahL
tristeza,sinto fase dif√Éxadcil guerra enfermeira hospital lotado RSnn‚Ä∞ falta httpstcofZBI6go9wk
medo,acordei falta porque sonhei contexto pandemia tava todo mundo aglomerado lugar fechado m√Éscara agonia
medo,sintomas covid precisei consultar fazer exame fiquei assustado emoc√¢ httpstcoE8oml2EjRM
medo,hoje foda acordei v√Érias vezes falta fiquei paralisia todas vezes tentei dormir novo agora chorando
tristeza,falta
raiva,Cuba pacientes precisam levar comida casa hospital√¢ pagar tratamento interna√É√¢ httpstcoaolf071EON
raiva,Pois nobro aqui Alemanha nenhum rem√Édio exce√¢ httpstcowBeS8k0jJu
felicidade,Renato fase tomando ivermectina azitromicina zinco sentindo√¢ httpstcoDJlvzQFEi6
medo,sintoma acordeipior muita tosse peito pesado febre preocupada
raiva,acordei tosse
medo,internado Nunca desperador naquele estado cansa√Éo tosse persistente tira√¢ httpstcossJ7FLBLPJ
raiva,Caralho tosse insuporvel
raiva,tosse voltando FUDEEER GRIPE MERDAAAAA
raiva,amado tosse peste essaaaaaa
raiva,Nebulizac√Éo entupindo rem√Édio nada tosse gripe passar porra corona
raiva,caso tosse velha afogo saliva caso espirro puramente alergico inferno
raiva,nada fico gripado merda cheio tosse
raiva,tosse
raiva,pensar dormir tosse desgra√Éada
nojo,Sabe tosse √Énsia Pois
raiva,tosse caralho
raiva,QUERO PESSOAS MORRAM LIGO DINHEIR9 VENHAM DIZER PASSA ARROGANCIA√¢ httpstcovyycdGs5lG
raiva,Voc√É covarde car√Éter cesseme tosse
raiva,ainda tosse cima outros pragas
raiva,Caralho tabagismo nnFui risada tosse fumante cinco minutos
medo,COVID congeso nasal Ta√Éxad caso marido tosse seca deixou cismada
medo,Receita dada conforme sintomas Covid doen√Éa sismica recei√¢ httpstco57F1HO00My
medo,acho tosse medo
tristeza,noite covid semana hoje hospital febre tosse reagir √¢x8f
raiva,tosse cachorro foda
raiva,tosse nunca embora √Édio
raiva,mano tosse porra
raiva,aguento ficar casa mano vtmnc tosse desgra√Éada
nojo,nojo tosse seca nunca passa
medo,medo tosse
raiva,tosse chataaaa
tristeza,Segunda semana contando desde gripei tosse ainda embora vezes chego sentir leve gohttpstcoFuHaua3SME
tristeza,dando pena bichinho tosse
medo,ficando preocupada tosse corona gra√Éa
tristeza,Tosse fudida aguento
raiva,mano aguento falta
raiva,doen√Éa respiraria merda fazendo nebuliza√É√Éo morre falta
tristeza,falta vontade chorar
felicidade,lindo artistas idosos vacinando sensa√É√Éo viver passar horror httpstcoCcpDjXDuUL
raiva,seinncomo tratamento precoce prejudicasse pr√Éximas fases tratamentonn RETARDADOS prefer√¢ httpstco1veap6S9lP
medo,pprt mano ontem merda cara vsfd passei inteiro vomitando febre jurei tava covid
medo,KKKKKKKKKKKK medo causa coronansempre espera delirar febr√¢ httpstco72J1XSOWLz
tristeza,estar febre
tristeza,febre estar Elly
surpresa,caraca febre
felicidade,Hel√É pizzaria aqui sof√É queimando febre comendo banana kkkkkkkkkkk a√Éxad
tristeza,filho febre fica pequenininho
tristeza,minh diss febre x8dx8fx8dx8fx8dx8fx8dx8fx8dx8fx8dx8fx8dx8f
tristeza,febre chorar
raiva,absurdo filas espera m√Édicos queimando febre lugar hora httpstcoUF9nQFmaqN
raiva,Segunda febre odioooor
raiva,febre inferno odio
felicidade,HAHAHA √¢x9d¬∏x8fnconsigo ouvir tosse daqui
felicidade,contando tomei querosene a√Éucar curar tosse fessor ficando preocupadoKKKKKKKKKKKKnnN√¢ httpstcohHiJBoD3IQ
raiva,algu√Ém adoece m√Édico imediatamente medicado pessoa febre tosse httpstcoj0fdpZwr1J
surpresa,tosse fumante passa nunca
medo,√Étimo puta crise tosse al√Érgica causa mudan√Éas tempo covid
medo,febre tosse vezes assustam
surpresa,Acordei tosse aqui irm√Éo deixou cabelos assustado
raiva,kkkk tosse chata Cara√Éxad Sa√Éxad nada nessa porra pare√Éo cachorro doente
surpresa,crise tosse putaqpariu
raiva,porra tosse tirou dormi merda nenhuma
medo,COVID acabando gente Franciel queimando febre explodindo tanta Conrado√¢ httpstcowzgXNyGloE
nojo,falando irm√É tosse pouco seca nnnojento menos covid
raiva,Hello√É tosse crlh saco
medo,completo semana afastamento conta covid Acordei suando tosse vomito medo pior httpstcoxwLpqZqtAL
tristeza,hoje tosse comum aguento
raiva,tosse
raiva,deus √Édio tosse
felicidade,irm√Éo chega m√Édico tosse cachorro KKKKK m√Édio aguentou come√Éou kkkkkkkkkkkkkkk
tristeza,Mirela tosse seca Coitada
tristeza,aguento tosse velho
raiva,ninha fessora matem√Ética crise tosse minnnta covid porra
raiva,tosse desgra√Éada parece cuspir pulm√Éo cara locura
tristeza,tosse chata
surpresa,tanta tosse rouca
raiva,tosse chata
raiva,tosse chataa
raiva,Tosse dem√Énio
surpresa,Nunca pensei ficaria doente febre conta ansiedade
surpresa,Pegou COVID febre
tristeza,Imaginem entres queridos sendo jogado vala comum gado quando√¢ httpstcoyBBitnMPXE
tristeza,passar del√Éxadrio noite febre assim superar tombo
tristeza,trabalha filha pouco febre menina toma conta disse ela√¢ httpstcoMpyV3ikFsX
felicidade,lindona nEstou febre nObrigada
medo,febre tosse vezes assustam
raiva,Acordei febre gripe fodidaque √Édio
surpresa,gargantade febre fraqueza merda essaxad
tristeza,febre baixa nunca deixa ruim
tristeza,chorando filha reclamando febre fica pequenininho
medo,Mano nunca tanto medo febre
felicidade,passou madrugada toda vendo febre companheira √¢x9d¬∏x8f√¢x9d¬∏x8f
felicidade,ohmds postei negocio febre emille mandou coisas ajudam melhorar nunca httpstco0DInmkFfNZ
surpresa,fiquei febre tanto chorar assim
surpresa,febre tanto chorei kkkjj
surpresa,graus tremendo frio nada tava febre estado fabril agora surto√¢ httpstcoQVjYLDefag
tristeza,c√Élica febre
felicidade,ade√Éo Deus veio sintomas fortes merda COVID somente tosse boca esmago√¢ httpstcoplMlRXWaOp
tristeza,febre triste x8d¬∑
raiva,febre odeio ficar assim
raiva,queimando febre nmaravilha
tristeza,triste querendo morte febre
surpresa,lais falando gostar ficar febre√Ç¬ø doente
tristeza,come√Éou febre
tristeza,deus febre
raiva,porra bixo dando febre
felicidade,diria pesco√Éo foda iria render dois dias febre
raiva,Saiu casa buscar outros tava passando comu dipirona febre
raiva,febre novo merda
medo,febre
tristeza,Toda noite fico olhos sensa√É√Éo febre aguento
surpresa,corporesfriada febre Jesus
felicidade,Kkkkkk preconceito velhinha tosse
medo,pessoas tentando alertar sobre preven√É√Éo covid19 ficando ansiosa Culpa Milena httpstcon0Vf9BalYv
raiva,merda comendo for√Éa √Édio tosse piora
tristeza,sincera piorando antes tava tosse agora
felicidade,tosse estranha medo voc√És afastarem mim√¢x9d kkkkkkkkkkkkkkkkkkkkkk
raiva,raiva dessas crises tosse noturnas
tristeza,chegar hora dormir tosse come√Éa
raiva,Caralho nada tosse fuder quarto parece jogam terra nele todo
raiva,caralho tosse al√Érgica desgracias
surpresa,tosse mandada mano doido
medo,tosse corpo febre gente Serasse covid xad¬Ø
raiva,dizendo quer leve atestado f√Ébrica levar merda nenhuma fil√¢ httpstcoER9FqmRhHe
raiva,tosse
raiva,Foda tosse httpstcoQILM9GmaFD
raiva,GENTE XAROPE TOSSE HORR√Éx8dVEL DEUS √ÉDIOOOOOOOOOOO
raiva,coroa mandou Biel subir aqui fumando foda preciso desfocar tosse pouco garganta
surpresa,Mdssssss tosse nunca louco
tristeza,aguento tosse
medo,tosse chata nCorona favor aqui
raiva,Poha tosse manooooooo aguento maaaiiiiiisssss aaaaaaaaaaa
tristeza,bastasse espirrar toda hora tosse voltou deus
raiva,Todo noite tosse infernal
raiva,Tosse seca pior tosse discorda morre
tristeza,compreendo anjinho gente acostuma dentro aperta falta httpstcolUF9RhtxXq
tristeza,Ansiedade frescura falta Deus doen√Éa falta p√Énico tremedeira alucina√É√Éo httpstco2L8p3zDGt3
medo,tendo gatilho hospital camas hospital gente falta gente morrendo tudo httpstcoGwPQ39BMd4
medo,horas ansiedade deixa falta parece morrer
raiva,terra dentro Mandetta sacanagem Fique casa sentir√¢ httpstcoFqrtDEKfz2
tristeza,falta
tristeza,triste carannpior umas infec√É√É¬µes corpo sistema imunol√Égico todo√¢ httpstcoS3yILfezte
tristeza,acordei falta novo olha
tristeza,Dores doendo falta crises choro httpstcoZXmFDrRowR
medo,peito leve falta covid du√É√Éo
medo,ando sentindo muita falta falar acho conhecer deus daqui dias
raiva,seiose falta quero m√Édico Sangue maldito acaba vida httpstcoqvyMRMFb1p
raiva,odeio falta passa nada volta
raiva,falta nada odio
raiva,falta cacete
tristeza,falta arao tempo frio suandoum aperto noite
tristeza,pais fudendo falta pais preocupados voc√É httpstcoBn0xJ16p90
medo,falta senhor
medo,meses esperando cirurgia Sofia hoje bichinha iria operar acorda febre tomara httpstco8XkuzUTvSY
medo,febre Deus corre aqui
tristeza,Beb√É febre
raiva,acordado desde febre fudida
tristeza,Bryan febre aqui agarrada vendo desenho
raiva,reuni√Éo sensa√É√Éo estar febre ser√É covid apenas RAIVA
felicidade,gra√Éas deus hoje acordei febre tomei rem√Édio ontem acordei melhor marcar fazer teste
tristeza,Leonan agarrado sentindo febre direto tadinho
felicidade,febre baixou bastante sentindo garganta finalmente
tristeza,FEBRE BAIXOU QRIA PRESENCIAL MANO mami academia merda
tristeza,passar madrugada inteira febre
tristeza,favor febre
raiva,√Édio mano febre garganta doendo acorda fazer caf√É cara sendo pode fazer
surpresa,febre Deus
tristeza,quase manh√É desespero crian√Éa queimando febre deitada barriga
surpresa,Susto gota vindo madrugada febre
tristeza,queimando febre posxadvel mano
tristeza,febre noite toda Deus ajude
raiva,puta febre literalmente nada fico febre
felicidade,bra√Éo vacina febre leve noite nunca fiquei feliz sentir kkkkkknObriga httpstcoX80QBxo5hv
tristeza,triste mam√Ée tomou vacina tendo efeitos ruins bichinha passou noite toda tremendo febr√¢ httpstcoUBVY0pQCwU
medo,horas ansiedade deixa falta parece morrer
raiva,crise ansiedade falta crlho
tristeza,acordar falta pior coisa
raiva,caralho todo falta
raiva,odeio falta passa nada volta
raiva,falta nada odio
raiva,falta cacete
raiva,bosta desse tosse dsgcd pa√Éxadsda risada lixo humano merece respeito httpstco86853HjnFb
medo,acordou tossindo horrores achando tava COVID Desliguei instantaneamente√¢ httpstcoF52GBXN3yV
raiva,semana tosse merda tomar
tristeza,Crise tosse nen√Ém hora consigo dormir
raiva,hmmmm del√Éxadcia garganta tosse febre ESPERO MORRA
raiva,tosse chata afff
raiva,inferno tosse junto garganta inflamada
raiva,Rinite tosse deixa dormir nada
raiva,Contra tudo voc√É disse principais coisas feitas chutar voc√É siensia para√¢ httpstcoRv3qdgDMLO
raiva,Fica casa morrer falta Genocida
raiva,Nunca esquecer cure centro medico falta Voc√É contribui indireta√¢ httpstco6pdJN524TF
raiva,Olha vagabundo dizia curar hospital somente caso falta jurava httpstco1xZpKhdJ6H
raiva,seguir tocolo curar ajuda m√Édica falta httpstcojSBBbMCJld
raiva,coragem chamar algu√Ém charlao KkkkkkkkkknCom certeza vacina ser√É melhor httpstcoKxHdM2Qojb
raiva,Voc√É responvel milhares mortes infectados √¢Fique Casa√¢x9d hospital quando√¢ httpstcoMZ5UQIOnhg
raiva,parabenizando ministro orientou pessoas curarem aux√Éxadlio httpstcoQKUzWxwU65
raiva,vamos tentarficar casa esperando sentir falta hospital morrerfico
raiva,ximo aniverrio tocolo genocida Mandetta Fique casa cur√¢ httpstcobfNn61X5Yt
raiva,Dudu sacanagem cara heim febre hospitais campanha ocupa√É√Éo baix√¢ httpstcozZYSZwgUvn
tristeza,in√Éxadcio pandemia comprei cookies padaria mordida seguida com√¢ httpstcoytBXryPO3c
tristeza,febre dores passar madrugada acordado apenas tentando cochilar causa corpo super quen√¢ httpstcoFgvPTmCvA6
tristeza,noite toda queimando febre Agarrado x8fu200¬∏x8f
raiva,acordei febre √ÉDIO
tristeza,Acordei Arthur febre nada
tristeza,diiiianTo melhor febre dias am√Ém senhornTriste tudo vivendo preocupada httpstcoeVV9FhPduQ
tristeza,Cochilei acordei queimando febre senhor aguentar tudo acontecendo nxad
tristeza,acho febre aaaaah
tristeza,queimado febre
tristeza,febre noite toda DEUS queria dormir direto
tristeza,febre vezes consigo ficar amamenta√É√Éo nada facil vontade desistir
raiva,Luiz febre desde ter√Éa cara
tristeza,aguento todo ficar febre
tristeza,Odeio filho febre dois dias seguidos odeio amuadinho choro queria tirar tudo pega
raiva,olha hora febre cara puta pariu toma
raiva,febre chataaaaa
tristeza,queimando febre noite toda deus
tristeza,virei noite vendo novela enquanto chorava conta febre odeio
raiva,deus falta FESTA muvuca calor suor open cheir√Éo maconha √Édio covid pagaaaa
tristeza,ansiedade atacada falta come√Éo tremer serio caralho
tristeza,passando lidar coisas lidar humano morrer falta
tristeza,vazio grande falta
tristeza,fiquei falta tanto chorar
raiva,2020 mandetta mandando ficar casa sentir falta precisar respirador CAR√Éx8 httpstcoQWwe4SypBR
medo,quantos pasis comeu kkkk ansiosa falta fico medo covid
tristeza,dando falta novo noite dormir
tristeza,ansiedade p√Énico covidnnP√Énico crise p√Éssima chorei falta tosse pioraramnnAnsieda httpstcolOwJ4tb0vE
medo,falta matar
surpresa,comecei tremer ficar falta nada
medo,algo fico falta meudeus
medo,jesus falta
tristeza,amiga covid sentindo muita falta Ficamos telefone esperando ambul√Éncia buscar
felicidade,falta fudida menos passei vergonha a√Éxad caralho foda
raiva,hospital somente falta Lixo httpstco4uwrpqDGbx
surpresa,queimando febre nada
raiva,legal morar respeita isolamento pigarreiatosse casa
tristeza,Poxa falar olha acordei tosse seca respirar tiro queda
tristeza,agora verdade peguei fraco cansa√Éo tosse agora sentir√¢ httpstcoYuSZcIuAMp
medo,Medo ouvir tosse medo precisar bando arromb√¢ httpstcoqVw780ZTGr
raiva,tosse seca chata fudida desde
raiva,Bosta tosse caralho
medo,Cada tosse bate desespero cansada demais desse medo cara
medo,Caio febre ontem hoje febril noite tosse Jesus morro medo
tristeza,Come√Éou tossecoceirannEU AGUENTO MAIIIISSSS
raiva,Mano tosse chata
medo,Nariz ardendo coriza tosse espirros cara drogada nSou nesse momento rezando covid novo
surpresa,tosse miseric√Érdia
raiva,tosse infenro
medo,tosse eita porr
medo,tosse estranha espirrando Medo
raiva,Tosse capeta
tristeza,consigo parar chorar falta
tristeza,falta peito quero chorar
medo,covid preocupa tanto fico pavor falta outros sentem toda vida questionando√¢ httpstcoNv8CR3GIOw
tristeza,sentimento ruim ang√Éstia caralho falta
felicidade,posso malhar corona tendo sintomas kkkkkkk a√Éxad falta httpstcoOQ8porlfX7
raiva,Hora porra falta
tristeza,aguento crises falta peito
tristeza,madrugada enquanto dormindo tranquilos chorando falta
tristeza,aguento falta
surpresa,falta
raiva,falta CARALHO
raiva,falta inferno
raiva,falta krlh
surpresa,falta peito
raiva,Sentindo falta vtmnc
felicidade,crise tosse al√Érgica hora levantou nada rem√Édio narural demais
raiva,tosse al√Érgica saco povo acha covid
tristeza,tosse seca deve falta l√Éxadquido
tristeza,tosse capta Deus quero dormir
surpresa,Apareceu tosse seca
raiva,agora dormir crise tosse desgra√Éadaa
medo,respira√É√Éo oscilando corpo veio calafrio leve tosse garganta estranha apenas pedindo morr
tristeza,tosse deixa beb√É dormi
raiva,queria dormir tosse impede
medo,chegou trouxe crise tosse espero tomou chuva hoje
raiva,tosse chata crlh
tristeza,vendo raiar acordada ainda bichinho tosse
medo,medo tosse
raiva,Tosse chata
raiva,Tosse
raiva,Tosse maldita
raiva,Tudo envolve mulher gravidez Tava conversando dizendo algo errado meu√¢ httpstcoM4qHX1rOwX
surpresa,Caraca muita febre
raiva,febre acabou falta desgra√Éa passa
tristeza,triste trabalhar deixa filho febre criar filho sozinha f√Écil Deus ajudar
raiva,Gilberto mande tomar voc√É ficou noite toda apoiando medindo febre cuidando pessoa tratando feito lixo
tristeza,Pedro acordou enjoadinho febre
surpresa,febre esssa passa
raiva,triste demais situa√É√Éo escola quele caso falei √Éxadrrita httpstcorAlT4PxCZe
surpresa,tosse Camilla sara n√ÉnMiseric√Érdia
nojo,todo mundo tosse capeta nessa credo
surpresa,gente √¢tosse tosse√¢x9d Socorro
surpresa,tanto povo tosse nessa casa kkkk BBB21
tristeza,tosse atacando nada causa gripe tava
tristeza,cara tosse contagiosa geral assim
felicidade,agora anjo tosse outros sintomas pesados embora
raiva,dias semana meia tosse garganta inferno
raiva,agora inferno tosse faltava
tristeza,cansada entupir rem√Édio tosse precisa acabar
raiva,fico puta algu√Ém ESTUDOU MEDICINA recomenda rem√Édio vezes outro httpstcowbiMJMAgDT
tristeza,anos corpo muita tosse garganta doendo agora come√Éou falta con√¢ httpstcormPNNTI5Wc
felicidade,fofinha chegou acordou tomar melhorar tosse melhor
surpresa,tosse cachorro
felicidade,Relario covid isolamento coloquei serie comecei livro receitas reinventando pra√¢ httpstco7xUM8uCZiY
tristeza,febre tosse cansa√Éo dores corpo perda paladar teste infelizmente covid19
raiva,tosse inferno
tristeza,arrependo amargamente pegue toda falta volta pufavo imploro
medo,falta mata√¢x9d EKKSKSKSKW guria casinha
raiva,assiste v√Éxaddeo reportagem sente nenhum pouco √Édio presidente governo M√Éx8dNI√¢ httpstcokmpD0hpJO6
tristeza,momento voc√É falta nada doen√Éa√É dentro sabe Vontade chorarsumir nada
tristeza,psicol√Égico foda Tava vendo maria fanstico sobre covid comecei ficar ansiosa√¢ httpstcowQUaVqvlrt
tristeza,pior crise ansiedade falta senhor
medo,falta vontade chorar causa ansiedade sensa√É√Éo algo ruim acontecer
raiva,Mandeta Ningu√Ém esqueceu recomenda√É√Éo pessoas curassem hospital esti√¢ httpstcohVLpAdEUWF
raiva,Acrescento GENOCIDA nega tratamento ainda fique casa sentir falta
tristeza,Amiga passou manha falta atendida resistiu Infartou
medo,a√Éxad deus acho falta
tristeza,elogiou risada parece atropelado falta
tristeza,falta desespero tristeza raiva frustra√É√Éo depreso denimo vontade qu√Éxadmica tristeza solio httpstco757lnanf4y
raiva,Falta caralho
raiva,falta ¬¨¬Ø¬Ø¬®
tristeza,falar onde tirar for√Éa viver semana desabei chorando falta httpstco9OLt4QLJMg
tristeza,pior vida tanta falta achei morrer
surpresa,mano falando RECEPCIONISTA doutor falta sabe√¢x9d meudeus
medo,covid sentindo muita falta ficar casa vaga nenhum hospital totalmente desesperador
medo,aperto falta arum desesperopensei nunca crises
raiva,falta desgra√Éada
felicidade,melhorou Investiga febre sinal alguma coisa errada
felicidade,lida febre 38√ÇC KKKKKKKKKKKK
tristeza,febre sinceramente aguentar mano quero chorar puta pariu
tristeza,Febre embora
tristeza,frio febre gostoso literalmente morrer
tristeza,Kevin queimando febre Deus precisa muita for√Éa aguento filho assim
raiva,frio caralho acho febre Preciso banheiro disse consigo sair debaixo cobertas
medo,Saiu casa chego casa pouco febre tremendo todo nnnto agora fudeu
tristeza,febre acabando
raiva,conseguindo levantar cama queimando febre odiooooookoooo
tristeza,febre fudida
tristeza,falarser filhos imunidade baixa foda qualquer coisinha ficam doente thalle√¢ httpstcomlfff6f2Hf
raiva,colega trabalho loja bado conjuntiviteapareceu manh√É tamb√Ém convidado httpstcoikr49O2DrO
raiva,china culpa assim Brasil httpstcoXTx8dQxY2W
